country,sub-region,subregion_and_city,geo_type,date,driving,transit,walking
Greece,Attica,Athens,city,2020-01-13,0.0,,0.0
Greece,Attica,Athens,city,2020-01-14,1.4699999999999989,,-1.269999999999996
Greece,Attica,Athens,city,2020-01-15,1.5699999999999932,,1.0100000000000051
Greece,Attica,Athens,city,2020-01-16,1.730000000000004,,11.459999999999994
Greece,Attica,Athens,city,2020-01-17,11.719999999999999,,23.599999999999994
Greece,Attica,Athens,city,2020-01-18,7.480000000000004,,29.610000000000014
Greece,Attica,Athens,city,2020-01-19,-4.280000000000001,,-5.290000000000006
Greece,Attica,Athens,city,2020-01-20,-6.230000000000004,,-6.340000000000003
Greece,Attica,Athens,city,2020-01-21,-4.659999999999997,,-3.0799999999999983
Greece,Attica,Athens,city,2020-01-22,-1.5100000000000051,,2.480000000000004
Greece,Attica,Athens,city,2020-01-23,-1.4200000000000017,,3.469999999999999
Greece,Attica,Athens,city,2020-01-24,8.61,,24.400000000000006
Greece,Attica,Athens,city,2020-01-25,7.25,,38.84
Greece,Attica,Athens,city,2020-01-26,-3.4099999999999966,,0.6500000000000057
Greece,Attica,Athens,city,2020-01-27,-3.3700000000000045,,-8.069999999999993
Greece,Attica,Athens,city,2020-01-28,-3.8900000000000006,,3.519999999999996
Greece,Attica,Athens,city,2020-01-29,-2.069999999999993,,4.969999999999999
Greece,Attica,Athens,city,2020-01-30,2.769999999999996,,8.129999999999995
Greece,Attica,Athens,city,2020-01-31,9.510000000000005,,24.980000000000004
Greece,Attica,Athens,city,2020-02-01,5.909999999999997,,36.47
Greece,Attica,Athens,city,2020-02-02,-3.989999999999995,,8.409999999999997
Greece,Attica,Athens,city,2020-02-03,-6.609999999999999,,-1.730000000000004
Greece,Attica,Athens,city,2020-02-04,-2.1299999999999955,,5.829999999999998
Greece,Attica,Athens,city,2020-02-05,-2.6899999999999977,,-4.159999999999997
Greece,Attica,Athens,city,2020-02-06,4.930000000000007,,2.4200000000000017
Greece,Attica,Athens,city,2020-02-07,21.489999999999995,,39.43000000000001
Greece,Attica,Athens,city,2020-02-08,14.209999999999994,,42.05000000000001
Greece,Attica,Athens,city,2020-02-09,4.469999999999999,,15.86
Greece,Attica,Athens,city,2020-02-10,2.5799999999999983,,8.950000000000003
Greece,Attica,Athens,city,2020-02-11,4.489999999999995,,12.840000000000003
Greece,Attica,Athens,city,2020-02-12,7.480000000000004,,16.939999999999998
Greece,Attica,Athens,city,2020-02-13,9.620000000000005,,30.460000000000008
Greece,Attica,Athens,city,2020-02-14,22.980000000000004,,60.28999999999999
Greece,Attica,Athens,city,2020-02-15,15.150000000000006,,60.650000000000006
Greece,Attica,Athens,city,2020-02-16,3.8299999999999983,,26.459999999999994
Greece,Attica,Athens,city,2020-02-17,20.150000000000006,,31.97999999999999
Greece,Attica,Athens,city,2020-02-18,28.97999999999999,,32.81
Greece,Attica,Athens,city,2020-02-19,19.03,,29.349999999999994
Greece,Attica,Athens,city,2020-02-20,26.519999999999996,,38.650000000000006
Greece,Attica,Athens,city,2020-02-21,16.790000000000006,,42.81999999999999
Greece,Attica,Athens,city,2020-02-22,13.599999999999994,,47.58000000000001
Greece,Attica,Athens,city,2020-02-23,0.5600000000000023,,21.959999999999994
Greece,Attica,Athens,city,2020-02-24,1.9200000000000017,,18.03
Greece,Attica,Athens,city,2020-02-25,5.099999999999994,,14.670000000000002
Greece,Attica,Athens,city,2020-02-26,8.019999999999996,,6.8799999999999955
Greece,Attica,Athens,city,2020-02-27,8.680000000000007,,14.920000000000002
Greece,Attica,Athens,city,2020-02-28,12.329999999999998,,24.5
Greece,Attica,Athens,city,2020-02-29,-15.170000000000002,,15.560000000000002
Greece,Attica,Athens,city,2020-03-01,-27.39,,-8.239999999999995
Greece,Attica,Athens,city,2020-03-02,-18.28,,-25.260000000000005
Greece,Attica,Athens,city,2020-03-03,-3.25,,-2.9599999999999937
Greece,Attica,Athens,city,2020-03-04,1.1299999999999955,,-0.060000000000002274
Greece,Attica,Athens,city,2020-03-05,5.1299999999999955,,18.090000000000003
Greece,Attica,Athens,city,2020-03-06,5.079999999999998,,32.30000000000001
Greece,Attica,Athens,city,2020-03-07,-0.28000000000000114,,35.99000000000001
Greece,Attica,Athens,city,2020-03-08,0.4099999999999966,,3.739999999999995
Greece,Attica,Athens,city,2020-03-09,-2.5999999999999943,,-9.14
Greece,Attica,Athens,city,2020-03-10,-10.090000000000003,,2.799999999999997
Greece,Attica,Athens,city,2020-03-11,-14.180000000000007,,-4.719999999999999
Greece,Attica,Athens,city,2020-03-12,-23.67,,-10.590000000000003
Greece,Attica,Athens,city,2020-03-13,-34.83,,-25.010000000000005
Greece,Attica,Athens,city,2020-03-14,-56.92,,-49.3
Greece,Attica,Athens,city,2020-03-15,-66.22999999999999,,-66.08
Greece,Attica,Athens,city,2020-03-16,-62.37,,-68.23
Greece,Attica,Athens,city,2020-03-17,-62.5,,-69.76
Greece,Attica,Athens,city,2020-03-18,-67.95,,-73.13
Greece,Attica,Athens,city,2020-03-19,-68.13,,-73.61
Greece,Attica,Athens,city,2020-03-20,-68.21000000000001,,-73.24
Greece,Attica,Athens,city,2020-03-21,-73.05,,-75.37
Greece,Attica,Athens,city,2020-03-22,-72.56,,-76.12
Greece,Attica,Athens,city,2020-03-23,-80.16,,-81.89
Greece,Attica,Athens,city,2020-03-24,-79.64,,-77.7
Greece,Attica,Athens,city,2020-03-25,-83.28,,-80.53999999999999
Greece,Attica,Athens,city,2020-03-26,-79.42,,-82.03999999999999
Greece,Attica,Athens,city,2020-03-27,-79.86,,-82.26
Greece,Attica,Athens,city,2020-03-28,-81.27,,-77.02
Greece,Attica,Athens,city,2020-03-29,-80.91,,-75.01
Greece,Attica,Athens,city,2020-03-30,-74.05,,-72.32
Greece,Attica,Athens,city,2020-03-31,-74.58,,-71.95
Greece,Attica,Athens,city,2020-04-01,-75.43,,-77.22
Greece,Attica,Athens,city,2020-04-02,-73.33,,-71.35
Greece,Attica,Athens,city,2020-04-03,-75.13,,-77.71000000000001
Greece,Attica,Athens,city,2020-04-04,-82.16,,-83.39
Greece,Attica,Athens,city,2020-04-05,-82.32,,-83.15
Greece,Attica,Athens,city,2020-04-06,-75.02,,-78.53
Greece,Attica,Athens,city,2020-04-07,-74.5,,-78.61
Greece,Attica,Athens,city,2020-04-08,-71.75,,-72.87
Greece,Attica,Athens,city,2020-04-09,-71.7,,-69.97
Greece,Attica,Athens,city,2020-04-10,-70.16,,-64.99000000000001
Greece,Attica,Athens,city,2020-04-11,-74.69,,-61.54
Greece,Attica,Athens,city,2020-04-12,-74.58,,-60.63
Greece,Attica,Athens,city,2020-04-13,-68.19,,-63.79
Greece,Attica,Athens,city,2020-04-14,-66.53999999999999,,-62.85
Greece,Attica,Athens,city,2020-04-15,-66.68,,-64.64
Greece,Attica,Athens,city,2020-04-16,-66.03999999999999,,-61.33
Greece,Attica,Athens,city,2020-04-17,-68.74,,-55.74
Greece,Attica,Athens,city,2020-04-18,-77.21000000000001,,-63.23
Greece,Attica,Athens,city,2020-04-19,-82.75,,-65.66
Greece,Attica,Athens,city,2020-04-20,-78.63,,-63.02
Greece,Attica,Athens,city,2020-04-21,-68.82,,-64.87
Greece,Attica,Athens,city,2020-04-22,-68.24,,-67.22999999999999
Greece,Attica,Athens,city,2020-04-23,-66.87,,-62.03
Greece,Attica,Athens,city,2020-04-24,-65.65,,-57.03
Greece,Attica,Athens,city,2020-04-25,-70.36,,-53.45
Greece,Attica,Athens,city,2020-04-26,-70.33,,-55.32
Greece,Attica,Athens,city,2020-04-27,-63.43,,-55.96
Greece,Attica,Athens,city,2020-04-28,-61.88,,-54.82
Greece,Attica,Athens,city,2020-04-29,-60.62,,-56.83
Greece,Attica,Athens,city,2020-04-30,-61.88,,-55.8
Greece,Attica,Athens,city,2020-05-01,-70.99,,-55.36
Greece,Attica,Athens,city,2020-05-02,-67.96000000000001,,-56.43
Greece,Attica,Athens,city,2020-05-03,-64.08,,-58.65
Greece,Attica,Athens,city,2020-05-04,-38.75,,-45.46
Greece,Attica,Athens,city,2020-05-05,-37.14,,-42.35
Greece,Attica,Athens,city,2020-05-06,-38.95,,-44.89
Greece,Attica,Athens,city,2020-05-07,-39.21,,-44.58
Greece,Attica,Athens,city,2020-05-08,-32.78,,-41.79
Greece,Attica,Athens,city,2020-05-09,-37.32,,-44.97
Greece,Attica,Athens,city,2020-05-10,-38.56,,-52.65
Greece,Attica,Athens,city,2020-05-13,-26.92,,-36.27
Greece,Attica,Athens,city,2020-05-14,-25.150000000000006,,-36.79
Greece,Attica,Athens,city,2020-05-15,-18.569999999999993,,-37.35
Greece,Attica,Athens,city,2020-05-16,-23.489999999999995,,-44.69
Greece,Attica,Athens,city,2020-05-17,-31.28,,-54.65
Greece,Attica,Athens,city,2020-05-18,-21.730000000000004,,-37.46
Greece,Attica,Athens,city,2020-05-19,-19.33,,-35.989999999999995
Greece,Attica,Athens,city,2020-05-20,-18.64,,-33.67
Greece,Attica,Athens,city,2020-05-21,-19.89,,-34.489999999999995
Greece,Attica,Athens,city,2020-05-22,-16.980000000000004,,-31.409999999999997
Greece,Attica,Athens,city,2020-05-23,-27.680000000000007,,-36.17
Greece,Attica,Athens,city,2020-05-24,-31.950000000000003,,-46.76
Greece,Attica,Athens,city,2020-05-25,-20.700000000000003,,-34.89
Greece,Attica,Athens,city,2020-05-26,-22.150000000000006,,-39.89
Greece,Attica,Athens,city,2020-05-27,-18.03,,-34.05
Greece,Attica,Athens,city,2020-05-28,-17.17,,-33.709999999999994
Greece,Attica,Athens,city,2020-05-29,-11.11,,-23.47
Greece,Attica,Athens,city,2020-05-30,-19.049999999999997,,-19.519999999999996
Greece,Attica,Athens,city,2020-05-31,-27.799999999999997,,-40.18
Greece,Attica,Athens,city,2020-06-01,-13.560000000000002,,-35.870000000000005
Greece,Attica,Athens,city,2020-06-02,-8.969999999999999,,-23.379999999999995
Greece,Attica,Athens,city,2020-06-03,-5.590000000000003,,-21.319999999999993
Greece,Attica,Athens,city,2020-06-04,2.180000000000007,,-14.64
Greece,Attica,Athens,city,2020-06-05,5.170000000000002,,-13.719999999999999
Greece,Attica,Athens,city,2020-06-06,-23.25,,-33.31999999999999
Greece,Attica,Athens,city,2020-06-07,-35.58,,-48.72
Greece,Attica,Athens,city,2020-06-08,-23.010000000000005,,-41.28
Greece,Attica,Athens,city,2020-06-09,-9.849999999999994,,-26.129999999999995
Greece,Attica,Athens,city,2020-06-10,-4.109999999999999,,-23.599999999999994
Greece,Attica,Athens,city,2020-06-11,0.5100000000000051,,-16.659999999999997
Greece,Attica,Athens,city,2020-06-12,-1.4200000000000017,,-15.079999999999998
Greece,Attica,Athens,city,2020-06-13,-11.920000000000002,,-21.64
Greece,Attica,Athens,city,2020-06-14,-15.810000000000002,,-40.47
Greece,Attica,Athens,city,2020-06-15,-6.040000000000006,,-27.439999999999998
Greece,Attica,Athens,city,2020-06-16,-0.5900000000000034,,-20.379999999999995
Greece,Attica,Athens,city,2020-06-17,-1.019999999999996,,-18.290000000000006
Greece,Attica,Athens,city,2020-06-18,2.1200000000000045,,-13.900000000000006
Greece,Attica,Athens,city,2020-06-19,0.09000000000000341,,-13.739999999999995
Greece,Attica,Athens,city,2020-06-20,-11.0,,-20.069999999999993
Greece,Attica,Athens,city,2020-06-21,-13.519999999999996,,-40.8
Greece,Attica,Athens,city,2020-06-22,-11.670000000000002,,-30.340000000000003
Greece,Attica,Athens,city,2020-06-23,-2.4099999999999966,,-11.819999999999993
Greece,Attica,Athens,city,2020-06-24,-1.0499999999999972,,-17.180000000000007
Greece,Attica,Athens,city,2020-06-25,5.099999999999994,,-9.519999999999996
Greece,Attica,Athens,city,2020-06-26,3.739999999999995,,-7.519999999999996
Greece,Attica,Athens,city,2020-06-27,-8.969999999999999,,-19.709999999999994
Greece,Attica,Athens,city,2020-06-28,-11.409999999999997,,-35.17
Greece,Attica,Athens,city,2020-06-29,-1.7099999999999937,,-21.299999999999997
Greece,Attica,Athens,city,2020-06-30,9.129999999999995,,-13.069999999999993
Greece,Attica,Athens,city,2020-07-01,13.86,,-9.11
Greece,Attica,Athens,city,2020-07-02,13.909999999999997,,-0.23999999999999488
Greece,Attica,Athens,city,2020-07-03,12.159999999999997,,-2.9399999999999977
Greece,Attica,Athens,city,2020-07-04,-6.150000000000006,,-19.230000000000004
Greece,Attica,Athens,city,2020-07-05,-12.39,,-33.0
Greece,Attica,Athens,city,2020-07-06,-1.6599999999999966,,-12.939999999999998
Greece,Attica,Athens,city,2020-07-07,5.469999999999999,,-4.010000000000005
Greece,Attica,Athens,city,2020-07-08,10.36,,-1.9099999999999966
Greece,Attica,Athens,city,2020-07-09,16.400000000000006,,2.7099999999999937
Greece,Attica,Athens,city,2020-07-10,10.189999999999998,,2.0400000000000063
Greece,Attica,Athens,city,2020-07-11,-6.019999999999996,,-11.680000000000007
Greece,Attica,Athens,city,2020-07-12,-11.590000000000003,,-24.209999999999994
Greece,Attica,Athens,city,2020-07-13,-0.20000000000000284,,-0.6599999999999966
Greece,Attica,Athens,city,2020-07-14,9.469999999999999,,9.450000000000003
Greece,Attica,Athens,city,2020-07-15,12.780000000000001,,11.769999999999996
Greece,Attica,Athens,city,2020-07-16,14.629999999999995,,16.25
Greece,Attica,Athens,city,2020-07-17,11.200000000000003,,11.0
Greece,Attica,Athens,city,2020-07-18,-9.879999999999995,,-2.4599999999999937
Greece,Attica,Athens,city,2020-07-19,-12.25,,-16.92
Greece,Attica,Athens,city,2020-07-20,0.2600000000000051,,4.189999999999998
Greece,Attica,Athens,city,2020-07-21,5.040000000000006,,10.060000000000002
Greece,Attica,Athens,city,2020-07-22,9.599999999999994,,11.379999999999995
Greece,Attica,Athens,city,2020-07-23,10.819999999999993,,14.709999999999994
Greece,Attica,Athens,city,2020-07-24,6.579999999999998,,16.67
Greece,Attica,Athens,city,2020-07-25,-12.069999999999993,,-1.6400000000000006
Greece,Attica,Athens,city,2020-07-26,-15.670000000000002,,-12.019999999999996
Greece,Attica,Athens,city,2020-07-27,-1.730000000000004,,2.3400000000000034
Greece,Attica,Athens,city,2020-07-28,3.8299999999999983,,11.810000000000002
Greece,Attica,Athens,city,2020-07-29,6.069999999999993,,9.950000000000003
Greece,Attica,Athens,city,2020-07-30,4.540000000000006,,9.14
Greece,Attica,Athens,city,2020-07-31,1.5600000000000023,,3.0900000000000034
Greece,Attica,Athens,city,2020-08-01,-19.799999999999997,,-9.159999999999997
Greece,Attica,Athens,city,2020-08-02,-24.519999999999996,,-14.510000000000005
Greece,Attica,Athens,city,2020-08-03,-10.540000000000006,,7.760000000000005
Greece,Attica,Athens,city,2020-08-04,-9.739999999999995,,10.530000000000001
Greece,Attica,Athens,city,2020-08-05,-12.439999999999998,,6.349999999999994
Greece,Attica,Athens,city,2020-08-06,-10.650000000000006,,8.269999999999996
Greece,Attica,Athens,city,2020-08-07,-15.769999999999996,,10.040000000000006
Greece,Attica,Athens,city,2020-08-08,-33.28,,-4.930000000000007
Greece,Attica,Athens,city,2020-08-09,-33.97,,-7.209999999999994
Greece,Attica,Athens,city,2020-08-10,-28.5,,-0.06999999999999318
Greece,Attica,Athens,city,2020-08-11,-29.819999999999993,,-5.069999999999993
Greece,Attica,Athens,city,2020-08-12,-33.55,,-5.5
Greece,Attica,Athens,city,2020-08-13,-35.370000000000005,,-6.6299999999999955
Greece,Attica,Athens,city,2020-08-14,-39.49,,-14.64
Greece,Attica,Athens,city,2020-08-15,-46.11,,-21.569999999999993
Greece,Attica,Athens,city,2020-08-16,-44.02,,-22.540000000000006
Greece,Attica,Athens,city,2020-08-17,-39.6,,-11.450000000000003
Greece,Attica,Athens,city,2020-08-18,-37.04,,-11.230000000000004
Greece,Attica,Athens,city,2020-08-19,-36.25,,-8.799999999999997
Greece,Attica,Athens,city,2020-08-20,-33.81,,-3.700000000000003
Greece,Attica,Athens,city,2020-08-21,-32.900000000000006,,-8.560000000000002
Greece,Attica,Athens,city,2020-08-22,-33.34,,-5.310000000000002
Greece,Attica,Athens,city,2020-08-23,-30.950000000000003,,-12.719999999999999
Greece,Attica,Athens,city,2020-08-24,-22.150000000000006,,1.8499999999999943
Greece,Attica,Athens,city,2020-08-25,-18.189999999999998,,4.450000000000003
Greece,Attica,Athens,city,2020-08-26,-14.959999999999994,,2.1099999999999994
Greece,Attica,Athens,city,2020-08-27,-9.590000000000003,,7.420000000000002
Greece,Attica,Athens,city,2020-08-28,-10.510000000000005,,8.39
Greece,Attica,Athens,city,2020-08-29,-17.549999999999997,,0.4300000000000068
Greece,Attica,Athens,city,2020-08-30,-12.290000000000006,,-4.549999999999997
Greece,Attica,Athens,city,2020-08-31,1.019999999999996,,12.920000000000002
Greece,Attica,Athens,city,2020-09-01,7.700000000000003,,21.489999999999995
Greece,Attica,Athens,city,2020-09-02,10.159999999999997,,21.689999999999998
Greece,Attica,Athens,city,2020-09-03,14.230000000000004,,26.900000000000006
Greece,Attica,Athens,city,2020-09-04,15.560000000000002,,28.430000000000007
Greece,Attica,Athens,city,2020-09-05,-1.6200000000000045,,24.17
Greece,Attica,Athens,city,2020-09-06,-2.9399999999999977,,3.1400000000000006
Greece,Attica,Athens,city,2020-09-07,9.430000000000007,,24.120000000000005
Greece,Attica,Athens,city,2020-09-08,14.159999999999997,,30.72999999999999
Greece,Attica,Athens,city,2020-09-09,18.840000000000003,,28.919999999999987
Greece,Attica,Athens,city,2020-09-10,19.700000000000003,,31.159999999999997
Greece,Attica,Athens,city,2020-09-11,20.269999999999996,,35.66
Greece,Attica,Athens,city,2020-09-12,5.219999999999999,,28.840000000000003
Greece,Attica,Athens,city,2020-09-13,-0.4399999999999977,,9.980000000000004
Greece,Attica,Athens,city,2020-09-14,10.400000000000006,,24.269999999999996
Greece,Attica,Athens,city,2020-09-15,14.569999999999993,,26.39
Greece,Attica,Athens,city,2020-09-16,16.129999999999995,,27.049999999999997
Greece,Attica,Athens,city,2020-09-17,17.92,,33.610000000000014
Greece,Attica,Athens,city,2020-09-18,3.480000000000004,,24.650000000000006
Greece,Attica,Athens,city,2020-09-19,-2.299999999999997,,31.849999999999994
Greece,Attica,Athens,city,2020-09-20,4.569999999999993,,21.92
Greece,Attica,Athens,city,2020-09-21,8.079999999999998,,25.090000000000003
Greece,Attica,Athens,city,2020-09-22,6.989999999999995,,26.78
Greece,Attica,Athens,city,2020-09-23,8.480000000000004,,21.400000000000006
Greece,Attica,Athens,city,2020-09-24,10.89,,25.299999999999997
Greece,Attica,Athens,city,2020-09-25,12.170000000000002,,32.370000000000005
Greece,Attica,Athens,city,2020-09-26,1.0900000000000034,,35.72999999999999
Greece,Attica,Athens,city,2020-09-27,-3.4599999999999937,,13.980000000000004
Greece,Attica,Athens,city,2020-09-28,-0.010000000000005116,,19.159999999999997
Greece,Attica,Athens,city,2020-09-29,3.9599999999999937,,19.370000000000005
Greece,Attica,Athens,city,2020-09-30,7.709999999999994,,20.909999999999997
Greece,Attica,Athens,city,2020-10-01,10.219999999999999,,29.650000000000006
Greece,Attica,Athens,city,2020-10-02,13.25,,37.400000000000006
Greece,Attica,Athens,city,2020-10-03,3.769999999999996,,40.620000000000005
Greece,Attica,Athens,city,2020-10-04,-3.700000000000003,,14.14
Greece,Attica,Athens,city,2020-10-05,0.7199999999999989,,24.060000000000002
Greece,Attica,Athens,city,2020-10-06,7.75,,27.799999999999997
Greece,Attica,Athens,city,2020-10-07,6.989999999999995,,15.969999999999999
Greece,Attica,Athens,city,2020-10-08,8.700000000000003,,27.42
Greece,Attica,Athens,city,2020-10-09,14.510000000000005,,35.44999999999999
Greece,Attica,Athens,city,2020-10-10,7.5,,47.94999999999999
Greece,Attica,Athens,city,2020-10-11,1.1099999999999994,,19.189999999999998
Greece,Attica,Athens,city,2020-10-12,6.290000000000006,,18.03
Greece,Attica,Athens,city,2020-10-13,8.230000000000004,,30.24000000000001
Greece,Attica,Athens,city,2020-10-14,9.620000000000005,,26.22
Greece,Attica,Athens,city,2020-10-15,7.719999999999999,,26.909999999999997
Greece,Attica,Athens,city,2020-10-16,11.670000000000002,,38.55000000000001
Greece,Attica,Athens,city,2020-10-17,3.6099999999999994,,45.71000000000001
Greece,Attica,Athens,city,2020-10-18,0.9899999999999949,,21.629999999999995
Greece,Attica,Athens,city,2020-10-19,6.299999999999997,,21.010000000000005
Greece,Attica,Athens,city,2020-10-20,4.75,,27.349999999999994
Greece,Attica,Athens,city,2020-10-21,2.519999999999996,,24.17
Greece,Attica,Athens,city,2020-10-22,5.459999999999994,,30.620000000000005
Greece,Attica,Athens,city,2020-10-23,14.879999999999995,,42.0
Greece,Attica,Athens,city,2020-10-24,-3.8299999999999983,,31.189999999999998
Greece,Attica,Athens,city,2020-10-25,-7.5,,14.310000000000002
Greece,Attica,Athens,city,2020-10-26,-2.819999999999993,,19.92
Greece,Attica,Athens,city,2020-10-27,0.3400000000000034,,23.11
Greece,Attica,Athens,city,2020-10-28,-26.590000000000003,,-11.680000000000007
Greece,Attica,Athens,city,2020-10-29,0.3400000000000034,,16.840000000000003
Greece,Attica,Athens,city,2020-10-30,4.480000000000004,,20.810000000000002
Greece,Attica,Athens,city,2020-10-31,-5.409999999999997,,26.739999999999995
Greece,Attica,Athens,city,2020-11-01,-12.11,,6.439999999999998
Greece,Attica,Athens,city,2020-11-02,-1.9099999999999966,,11.25
Greece,Attica,Athens,city,2020-11-03,-9.930000000000007,,-7.150000000000006
Greece,Attica,Athens,city,2020-11-04,-8.239999999999995,,-9.769999999999996
Greece,Attica,Athens,city,2020-11-05,20.549999999999997,,2.4599999999999937
Greece,Attica,Athens,city,2020-11-06,73.07,,15.099999999999994
Greece,Attica,Athens,city,2020-11-07,-61.35,,-47.57
Greece,Attica,Athens,city,2020-11-08,-58.2,,-45.15
Greece,Attica,Athens,city,2020-11-09,-47.43,,-43.11
Greece,Attica,Athens,city,2020-11-10,-46.73,,-41.94
Greece,Attica,Athens,city,2020-11-11,-46.57,,-40.25
Greece,Attica,Athens,city,2020-11-12,-45.89,,-43.38
Greece,Attica,Athens,city,2020-11-13,-46.09,,-41.62
Greece,Attica,Athens,city,2020-11-14,-59.93,,-45.03
Greece,Attica,Athens,city,2020-11-15,-59.74,,-42.72
Greece,Attica,Athens,city,2020-11-16,-49.55,,-42.71
Greece,Attica,Athens,city,2020-11-17,-45.51,,-41.0
Greece,Attica,Athens,city,2020-11-18,-49.69,,-47.55
Greece,Attica,Athens,city,2020-11-19,-47.41,,-49.22
Greece,Attica,Athens,city,2020-11-20,-47.04,,-45.59
Greece,Attica,Athens,city,2020-11-21,-58.68,,-49.4
Greece,Attica,Athens,city,2020-11-22,-62.06,,-56.8
Greece,Attica,Athens,city,2020-11-23,-49.22,,-47.27
Greece,Attica,Athens,city,2020-11-24,-48.14,,-46.8
Greece,Attica,Athens,city,2020-11-25,-45.69,,-44.93
Greece,Attica,Athens,city,2020-11-26,-44.6,,-46.29
Greece,Attica,Athens,city,2020-11-27,-43.74,,-40.86
Greece,Attica,Athens,city,2020-11-28,-53.69,,-41.75
Greece,Attica,Athens,city,2020-11-29,-61.85,,-59.65
Greece,Attica,Athens,city,2020-11-30,-46.05,,-47.42
Greece,Attica,Athens,city,2020-12-01,-46.6,,-49.88
Greece,Attica,Athens,city,2020-12-02,-44.19,,-45.05
Greece,Attica,Athens,city,2020-12-03,-41.89,,-41.42
Greece,Attica,Athens,city,2020-12-04,-40.95,,-43.57
Greece,Attica,Athens,city,2020-12-05,-49.49,,-38.9
Greece,Attica,Athens,city,2020-12-06,-54.18,,-47.26
Greece,Attica,Athens,city,2020-12-07,-41.58,,-42.53
Greece,Attica,Athens,city,2020-12-08,-38.66,,-38.14
Greece,Attica,Athens,city,2020-12-09,-36.42,,-39.64
Greece,Attica,Athens,city,2020-12-10,-42.81,,-50.81
Greece,Attica,Athens,city,2020-12-11,-34.239999999999995,,-41.29
Greece,Attica,Athens,city,2020-12-12,-44.79,,-39.07
Greece,Attica,Athens,city,2020-12-13,-52.58,,-56.24
Greece,Attica,Athens,city,2020-12-14,-34.91,,-43.78
Greece,Attica,Athens,city,2020-12-15,-27.430000000000007,,-30.379999999999995
Greece,Attica,Athens,city,2020-12-16,-26.92,,-28.560000000000002
Greece,Attica,Athens,city,2020-12-17,-23.25,,-26.799999999999997
Greece,Attica,Athens,city,2020-12-18,-21.47,,-25.14
Greece,Attica,Athens,city,2020-12-19,-35.36,,-30.159999999999997
Greece,Attica,Athens,city,2020-12-20,-45.11,,-43.63
Greece,Attica,Athens,city,2020-12-21,-18.689999999999998,,-25.42
Greece,Attica,Athens,city,2020-12-22,-12.329999999999998,,-19.189999999999998
Greece,Attica,Athens,city,2020-12-23,-0.4899999999999949,,-15.730000000000004
Greece,Attica,Athens,city,2020-12-24,-25.510000000000005,,-29.92
Greece,Attica,Athens,city,2020-12-25,-63.35,,-64.6
Greece,Attica,Athens,city,2020-12-26,-54.74,,-47.89
Greece,Attica,Athens,city,2020-12-27,-49.57,,-49.97
Greece,Attica,Athens,city,2020-12-28,-22.17,,-19.870000000000005
Greece,Attica,Athens,city,2020-12-29,-16.040000000000006,,-15.700000000000003
Greece,Attica,Athens,city,2020-12-30,-16.730000000000004,,-17.590000000000003
Greece,Attica,Athens,city,2020-12-31,-35.040000000000006,,-36.67
Greece,Attica,Athens,city,2021-01-01,-62.6,,-63.63
Greece,Attica,Athens,city,2021-01-02,-52.91,,-51.32
Greece,Attica,Athens,city,2021-01-03,-51.81,,-48.1
Greece,Attica,Athens,city,2021-01-04,-45.02,,-47.74
Greece,Attica,Athens,city,2021-01-05,-37.99,,-35.879999999999995
Greece,Attica,Athens,city,2021-01-06,-50.89,,-46.38
Greece,Attica,Athens,city,2021-01-07,-35.97,,-37.48
Greece,Attica,Athens,city,2021-01-08,-32.349999999999994,,-34.11
Greece,Attica,Athens,city,2021-01-09,-40.23,,-35.06999999999999
Greece,Attica,Athens,city,2021-01-10,-42.32,,-39.73
Greece,Attica,Athens,city,2021-01-11,-30.549999999999997,,-32.769999999999996
Greece,Attica,Athens,city,2021-01-12,-30.97,,-40.02
Greece,Attica,Athens,city,2021-01-13,-29.89,,-31.5
Greece,Attica,Athens,city,2021-01-14,-26.659999999999997,,-31.370000000000005
Greece,Attica,Athens,city,2021-01-15,-30.53,,-37.92
Greece,Attica,Athens,city,2021-01-16,-42.71,,-49.15
Greece,Attica,Athens,city,2021-01-17,-38.33,,-48.99
Greece,Attica,Athens,city,2021-01-18,-26.549999999999997,,-39.53
Greece,Attica,Athens,city,2021-01-19,-21.629999999999995,,-32.2
Greece,Attica,Athens,city,2021-01-20,-22.870000000000005,,-28.569999999999993
Greece,Attica,Athens,city,2021-01-21,-19.200000000000003,,-25.239999999999995
Greece,Attica,Athens,city,2021-01-22,-18.439999999999998,,-25.590000000000003
Greece,Attica,Athens,city,2021-01-23,-28.150000000000006,,-28.5
Greece,Attica,Athens,city,2021-01-24,-35.03,,-39.03
Greece,Attica,Athens,city,2021-01-25,-24.36,,-30.200000000000003
Greece,Attica,Athens,city,2021-01-26,-24.25,,-31.569999999999993
Greece,Attica,Athens,city,2021-01-27,-26.040000000000006,,-35.45
Greece,Attica,Athens,city,2021-01-28,-19.790000000000006,,-27.739999999999995
Greece,Attica,Athens,city,2021-01-29,-14.620000000000005,,-23.129999999999995
Greece,Attica,Athens,city,2021-01-30,-30.620000000000005,,-26.0
Greece,Attica,Athens,city,2021-01-31,-36.62,,-41.14
Greece,Attica,Athens,city,2021-02-01,-29.540000000000006,,-40.29
Greece,Attica,Athens,city,2021-02-02,-24.64,,-30.39
Greece,Attica,Athens,city,2021-02-03,-25.799999999999997,,-32.08
Greece,Attica,Athens,city,2021-02-04,-21.209999999999994,,-28.67
Greece,Attica,Athens,city,2021-02-05,-18.760000000000005,,-24.28
Greece,Attica,Athens,city,2021-02-06,-39.54,,-38.36
Greece,Attica,Athens,city,2021-02-07,-40.28,,-42.8
Greece,Attica,Athens,city,2021-02-08,-30.11,,-35.47
Greece,Attica,Athens,city,2021-02-09,-23.72,,-28.689999999999998
Greece,Attica,Athens,city,2021-02-10,-16.159999999999997,,-26.47
Greece,Total,Total,country/region,2020-01-13,0.0,,0.0
Greece,Total,Total,country/region,2020-01-14,0.6299999999999955,,0.5
Greece,Total,Total,country/region,2020-01-15,0.5699999999999932,,1.9099999999999966
Greece,Total,Total,country/region,2020-01-16,0.5999999999999943,,8.840000000000003
Greece,Total,Total,country/region,2020-01-17,10.760000000000005,,19.879999999999995
Greece,Total,Total,country/region,2020-01-18,13.180000000000007,,27.75
Greece,Total,Total,country/region,2020-01-19,6.760000000000005,,-3.510000000000005
Greece,Total,Total,country/region,2020-01-20,-3.980000000000004,,-4.700000000000003
Greece,Total,Total,country/region,2020-01-21,-4.5,,-2.3400000000000034
Greece,Total,Total,country/region,2020-01-22,-1.269999999999996,,1.9399999999999977
Greece,Total,Total,country/region,2020-01-23,-2.280000000000001,,2.569999999999993
Greece,Total,Total,country/region,2020-01-24,8.810000000000002,,21.64
Greece,Total,Total,country/region,2020-01-25,12.89,,34.75
Greece,Total,Total,country/region,2020-01-26,8.840000000000003,,0.5
Greece,Total,Total,country/region,2020-01-27,-4.109999999999999,,-6.8700000000000045
Greece,Total,Total,country/region,2020-01-28,-4.420000000000002,,1.2600000000000051
Greece,Total,Total,country/region,2020-01-29,-1.6700000000000017,,4.459999999999994
Greece,Total,Total,country/region,2020-01-30,2.8700000000000045,,7.799999999999997
Greece,Total,Total,country/region,2020-01-31,12.719999999999999,,25.019999999999996
Greece,Total,Total,country/region,2020-02-01,16.08,,38.69
Greece,Total,Total,country/region,2020-02-02,12.420000000000002,,9.39
Greece,Total,Total,country/region,2020-02-03,-4.329999999999998,,-1.8599999999999994
Greece,Total,Total,country/region,2020-02-04,-2.5400000000000063,,5.769999999999996
Greece,Total,Total,country/region,2020-02-05,-3.3599999999999994,,-6.569999999999993
Greece,Total,Total,country/region,2020-02-06,3.4599999999999937,,-0.21999999999999886
Greece,Total,Total,country/region,2020-02-07,21.099999999999994,,32.72999999999999
Greece,Total,Total,country/region,2020-02-08,19.980000000000004,,37.33000000000001
Greece,Total,Total,country/region,2020-02-09,16.730000000000004,,12.879999999999995
Greece,Total,Total,country/region,2020-02-10,2.5999999999999943,,6.25
Greece,Total,Total,country/region,2020-02-11,4.280000000000001,,11.079999999999998
Greece,Total,Total,country/region,2020-02-12,6.659999999999997,,13.069999999999993
Greece,Total,Total,country/region,2020-02-13,8.099999999999994,,26.92
Greece,Total,Total,country/region,2020-02-14,23.560000000000002,,50.06
Greece,Total,Total,country/region,2020-02-15,23.650000000000006,,57.110000000000014
Greece,Total,Total,country/region,2020-02-16,21.230000000000004,,24.489999999999995
Greece,Total,Total,country/region,2020-02-17,17.92,,26.22
Greece,Total,Total,country/region,2020-02-18,23.39,,27.659999999999997
Greece,Total,Total,country/region,2020-02-19,16.340000000000003,,25.980000000000004
Greece,Total,Total,country/region,2020-02-20,21.099999999999994,,37.66999999999999
Greece,Total,Total,country/region,2020-02-21,18.040000000000006,,39.05000000000001
Greece,Total,Total,country/region,2020-02-22,21.53,,45.349999999999994
Greece,Total,Total,country/region,2020-02-23,14.370000000000005,,21.810000000000002
Greece,Total,Total,country/region,2020-02-24,4.150000000000006,,15.700000000000003
Greece,Total,Total,country/region,2020-02-25,4.310000000000002,,11.790000000000006
Greece,Total,Total,country/region,2020-02-26,5.829999999999998,,7.209999999999994
Greece,Total,Total,country/region,2020-02-27,7.200000000000003,,13.480000000000004
Greece,Total,Total,country/region,2020-02-28,20.290000000000006,,29.680000000000007
Greece,Total,Total,country/region,2020-02-29,15.89,,39.69999999999999
Greece,Total,Total,country/region,2020-03-01,13.790000000000006,,18.769999999999996
Greece,Total,Total,country/region,2020-03-02,39.75,,-8.099999999999994
Greece,Total,Total,country/region,2020-03-03,-1.230000000000004,,-1.3499999999999943
Greece,Total,Total,country/region,2020-03-04,-0.3499999999999943,,-0.20999999999999375
Greece,Total,Total,country/region,2020-03-05,1.980000000000004,,14.099999999999994
Greece,Total,Total,country/region,2020-03-06,3.730000000000004,,26.03
Greece,Total,Total,country/region,2020-03-07,4.859999999999999,,33.120000000000005
Greece,Total,Total,country/region,2020-03-08,6.739999999999995,,0.09999999999999432
Greece,Total,Total,country/region,2020-03-09,-5.090000000000003,,-8.849999999999994
Greece,Total,Total,country/region,2020-03-10,-11.510000000000005,,2.25
Greece,Total,Total,country/region,2020-03-11,-15.040000000000006,,-4.950000000000003
Greece,Total,Total,country/region,2020-03-12,-26.049999999999997,,-13.959999999999994
Greece,Total,Total,country/region,2020-03-13,-33.980000000000004,,-25.459999999999994
Greece,Total,Total,country/region,2020-03-14,-50.9,,-49.37
Greece,Total,Total,country/region,2020-03-15,-60.59,,-66.02000000000001
Greece,Total,Total,country/region,2020-03-16,-61.18,,-67.86
Greece,Total,Total,country/region,2020-03-17,-61.97,,-69.5
Greece,Total,Total,country/region,2020-03-18,-66.69,,-72.57
Greece,Total,Total,country/region,2020-03-19,-67.56,,-73.26
Greece,Total,Total,country/region,2020-03-20,-66.12,,-71.7
Greece,Total,Total,country/region,2020-03-21,-69.66,,-74.1
Greece,Total,Total,country/region,2020-03-22,-69.28,,-75.64
Greece,Total,Total,country/region,2020-03-23,-79.22,,-80.94
Greece,Total,Total,country/region,2020-03-24,-78.98,,-77.68
Greece,Total,Total,country/region,2020-03-25,-81.41,,-80.68
Greece,Total,Total,country/region,2020-03-26,-77.98,,-80.42
Greece,Total,Total,country/region,2020-03-27,-78.06,,-80.38
Greece,Total,Total,country/region,2020-03-28,-78.98,,-76.35
Greece,Total,Total,country/region,2020-03-29,-78.43,,-74.03999999999999
Greece,Total,Total,country/region,2020-03-30,-73.73,,-71.72
Greece,Total,Total,country/region,2020-03-31,-74.2,,-72.31
Greece,Total,Total,country/region,2020-04-01,-75.27,,-76.88
Greece,Total,Total,country/region,2020-04-02,-73.0,,-71.97
Greece,Total,Total,country/region,2020-04-03,-74.62,,-77.13
Greece,Total,Total,country/region,2020-04-04,-80.12,,-82.0
Greece,Total,Total,country/region,2020-04-05,-80.3,,-81.76
Greece,Total,Total,country/region,2020-04-06,-74.27,,-76.52
Greece,Total,Total,country/region,2020-04-07,-73.4,,-75.83
Greece,Total,Total,country/region,2020-04-08,-71.64,,-71.45
Greece,Total,Total,country/region,2020-04-09,-71.25,,-69.19
Greece,Total,Total,country/region,2020-04-10,-69.91,,-65.32
Greece,Total,Total,country/region,2020-04-11,-73.09,,-62.74
Greece,Total,Total,country/region,2020-04-12,-73.01,,-61.73
Greece,Total,Total,country/region,2020-04-13,-68.07,,-63.46
Greece,Total,Total,country/region,2020-04-14,-67.22,,-63.82
Greece,Total,Total,country/region,2020-04-15,-67.47999999999999,,-66.15
Greece,Total,Total,country/region,2020-04-16,-67.13,,-62.52
Greece,Total,Total,country/region,2020-04-17,-68.4,,-58.57
Greece,Total,Total,country/region,2020-04-18,-75.91,,-64.77000000000001
Greece,Total,Total,country/region,2020-04-19,-81.01,,-68.1
Greece,Total,Total,country/region,2020-04-20,-76.88,,-64.47999999999999
Greece,Total,Total,country/region,2020-04-21,-68.97,,-65.95
Greece,Total,Total,country/region,2020-04-22,-68.65,,-67.56
Greece,Total,Total,country/region,2020-04-23,-67.33,,-62.96
Greece,Total,Total,country/region,2020-04-24,-65.96000000000001,,-58.18
Greece,Total,Total,country/region,2020-04-25,-69.21000000000001,,-55.55
Greece,Total,Total,country/region,2020-04-26,-68.66,,-56.88
Greece,Total,Total,country/region,2020-04-27,-63.83,,-57.35
Greece,Total,Total,country/region,2020-04-28,-62.71,,-56.36
Greece,Total,Total,country/region,2020-04-29,-61.72,,-58.47
Greece,Total,Total,country/region,2020-04-30,-62.65,,-56.91
Greece,Total,Total,country/region,2020-05-01,-69.77,,-57.13
Greece,Total,Total,country/region,2020-05-02,-67.03,,-58.98
Greece,Total,Total,country/region,2020-05-03,-63.19,,-59.33
Greece,Total,Total,country/region,2020-05-04,-42.12,,-46.05
Greece,Total,Total,country/region,2020-05-05,-41.46,,-44.27
Greece,Total,Total,country/region,2020-05-06,-42.57,,-46.98
Greece,Total,Total,country/region,2020-05-07,-43.09,,-46.44
Greece,Total,Total,country/region,2020-05-08,-38.36,,-43.98
Greece,Total,Total,country/region,2020-05-09,-37.75,,-45.11
Greece,Total,Total,country/region,2020-05-10,-37.55,,-52.57
Greece,Total,Total,country/region,2020-05-13,-32.120000000000005,,-39.15
Greece,Total,Total,country/region,2020-05-14,-31.36,,-39.0
Greece,Total,Total,country/region,2020-05-15,-24.58,,-38.76
Greece,Total,Total,country/region,2020-05-16,-21.620000000000005,,-45.13
Greece,Total,Total,country/region,2020-05-17,-21.64,,-50.32
Greece,Total,Total,country/region,2020-05-18,-21.909999999999997,,-34.66
Greece,Total,Total,country/region,2020-05-19,-20.75,,-34.09
Greece,Total,Total,country/region,2020-05-20,-20.67,,-31.620000000000005
Greece,Total,Total,country/region,2020-05-21,-22.78,,-35.2
Greece,Total,Total,country/region,2020-05-22,-16.090000000000003,,-28.659999999999997
Greece,Total,Total,country/region,2020-05-23,-18.939999999999998,,-32.78
Greece,Total,Total,country/region,2020-05-24,-17.760000000000005,,-43.25
Greece,Total,Total,country/region,2020-05-25,-21.510000000000005,,-30.519999999999996
Greece,Total,Total,country/region,2020-05-26,-24.189999999999998,,-36.78
Greece,Total,Total,country/region,2020-05-27,-20.760000000000005,,-29.89
Greece,Total,Total,country/region,2020-05-28,-20.08,,-29.900000000000006
Greece,Total,Total,country/region,2020-05-29,-13.200000000000003,,-21.760000000000005
Greece,Total,Total,country/region,2020-05-30,-14.489999999999995,,-17.620000000000005
Greece,Total,Total,country/region,2020-05-31,-18.260000000000005,,-35.379999999999995
Greece,Total,Total,country/region,2020-06-01,-15.019999999999996,,-28.58
Greece,Total,Total,country/region,2020-06-02,-12.420000000000002,,-19.97
Greece,Total,Total,country/region,2020-06-03,-9.719999999999999,,-19.0
Greece,Total,Total,country/region,2020-06-04,-1.4099999999999966,,-12.620000000000005
Greece,Total,Total,country/region,2020-06-05,9.36,,-10.219999999999999
Greece,Total,Total,country/region,2020-06-06,0.730000000000004,,-19.450000000000003
Greece,Total,Total,country/region,2020-06-07,1.8799999999999955,,-30.319999999999993
Greece,Total,Total,country/region,2020-06-08,6.859999999999999,,-30.290000000000006
Greece,Total,Total,country/region,2020-06-09,-7.799999999999997,,-21.64
Greece,Total,Total,country/region,2020-06-10,-4.780000000000001,,-19.700000000000003
Greece,Total,Total,country/region,2020-06-11,-1.7000000000000028,,-14.579999999999998
Greece,Total,Total,country/region,2020-06-12,0.5900000000000034,,-13.049999999999997
Greece,Total,Total,country/region,2020-06-13,0.7399999999999949,,-15.769999999999996
Greece,Total,Total,country/region,2020-06-14,8.0,,-32.47
Greece,Total,Total,country/region,2020-06-15,-4.079999999999998,,-22.370000000000005
Greece,Total,Total,country/region,2020-06-16,-1.3499999999999943,,-18.0
Greece,Total,Total,country/region,2020-06-17,-0.6099999999999994,,-16.17
Greece,Total,Total,country/region,2020-06-18,2.319999999999993,,-12.049999999999997
Greece,Total,Total,country/region,2020-06-19,10.689999999999998,,-8.260000000000005
Greece,Total,Total,country/region,2020-06-20,10.549999999999997,,-10.480000000000004
Greece,Total,Total,country/region,2020-06-21,18.230000000000004,,-30.340000000000003
Greece,Total,Total,country/region,2020-06-22,-5.75,,-23.709999999999994
Greece,Total,Total,country/region,2020-06-23,-0.269999999999996,,-11.939999999999998
Greece,Total,Total,country/region,2020-06-24,1.7000000000000028,,-13.510000000000005
Greece,Total,Total,country/region,2020-06-25,8.64,,-7.040000000000006
Greece,Total,Total,country/region,2020-06-26,17.269999999999996,,0.6899999999999977
Greece,Total,Total,country/region,2020-06-27,20.599999999999994,,-4.640000000000001
Greece,Total,Total,country/region,2020-06-28,29.879999999999995,,-20.760000000000005
Greece,Total,Total,country/region,2020-06-29,9.459999999999994,,-11.590000000000003
Greece,Total,Total,country/region,2020-06-30,16.980000000000004,,-4.689999999999998
Greece,Total,Total,country/region,2020-07-01,24.099999999999994,,1.0600000000000023
Greece,Total,Total,country/region,2020-07-02,28.539999999999992,,12.120000000000005
Greece,Total,Total,country/region,2020-07-03,40.50999999999999,,18.299999999999997
Greece,Total,Total,country/region,2020-07-04,42.78999999999999,,11.780000000000001
Greece,Total,Total,country/region,2020-07-05,49.02000000000001,,-1.7900000000000063
Greece,Total,Total,country/region,2020-07-06,33.83000000000001,,18.83
Greece,Total,Total,country/region,2020-07-07,37.02000000000001,,27.019999999999996
Greece,Total,Total,country/region,2020-07-08,44.33000000000001,,28.099999999999994
Greece,Total,Total,country/region,2020-07-09,51.80000000000001,,34.68000000000001
Greece,Total,Total,country/region,2020-07-10,60.31999999999999,,41.06
Greece,Total,Total,country/region,2020-07-11,63.639999999999986,,36.370000000000005
Greece,Total,Total,country/region,2020-07-12,73.11000000000001,,22.209999999999994
Greece,Total,Total,country/region,2020-07-13,53.28,,47.34
Greece,Total,Total,country/region,2020-07-14,57.360000000000014,,55.56999999999999
Greece,Total,Total,country/region,2020-07-15,64.63999999999999,,56.80000000000001
Greece,Total,Total,country/region,2020-07-16,68.1,,63.620000000000005
Greece,Total,Total,country/region,2020-07-17,77.56,,68.25999999999999
Greece,Total,Total,country/region,2020-07-18,77.44999999999999,,66.13
Greece,Total,Total,country/region,2020-07-19,88.84,,51.72999999999999
Greece,Total,Total,country/region,2020-07-20,74.94,,72.28999999999999
Greece,Total,Total,country/region,2020-07-21,77.94999999999999,,78.46000000000001
Greece,Total,Total,country/region,2020-07-22,86.25999999999999,,81.09
Greece,Total,Total,country/region,2020-07-23,89.96000000000001,,90.11000000000001
Greece,Total,Total,country/region,2020-07-24,97.11000000000001,,95.44999999999999
Greece,Total,Total,country/region,2020-07-25,102.53999999999999,,89.72999999999999
Greece,Total,Total,country/region,2020-07-26,110.1,,80.38
Greece,Total,Total,country/region,2020-07-27,96.59,,99.32
Greece,Total,Total,country/region,2020-07-28,98.68,,103.47999999999999
Greece,Total,Total,country/region,2020-07-29,101.32,,104.24000000000001
Greece,Total,Total,country/region,2020-07-30,101.13,,105.58000000000001
Greece,Total,Total,country/region,2020-07-31,107.91999999999999,,103.63999999999999
Greece,Total,Total,country/region,2020-08-01,112.88999999999999,,103.78
Greece,Total,Total,country/region,2020-08-02,117.97999999999999,,99.6
Greece,Total,Total,country/region,2020-08-03,116.21000000000001,,130.79
Greece,Total,Total,country/region,2020-08-04,115.86000000000001,,137.18
Greece,Total,Total,country/region,2020-08-05,120.96000000000001,,138.59
Greece,Total,Total,country/region,2020-08-06,122.59,,140.63
Greece,Total,Total,country/region,2020-08-07,124.41999999999999,,145.17
Greece,Total,Total,country/region,2020-08-08,124.56,,143.09
Greece,Total,Total,country/region,2020-08-09,135.47,,135.18
Greece,Total,Total,country/region,2020-08-10,135.19,,154.21
Greece,Total,Total,country/region,2020-08-11,131.77,,139.81
Greece,Total,Total,country/region,2020-08-12,133.26,,138.1
Greece,Total,Total,country/region,2020-08-13,132.26,,140.97
Greece,Total,Total,country/region,2020-08-14,134.23,,131.01
Greece,Total,Total,country/region,2020-08-15,129.35,,118.41999999999999
Greece,Total,Total,country/region,2020-08-16,141.14,,115.52000000000001
Greece,Total,Total,country/region,2020-08-17,131.42,,141.35
Greece,Total,Total,country/region,2020-08-18,123.30000000000001,,136.46
Greece,Total,Total,country/region,2020-08-19,119.81,,129.18
Greece,Total,Total,country/region,2020-08-20,118.46000000000001,,133.06
Greece,Total,Total,country/region,2020-08-21,110.72999999999999,,119.97999999999999
Greece,Total,Total,country/region,2020-08-22,117.22999999999999,,124.97
Greece,Total,Total,country/region,2020-08-23,115.78,,100.68
Greece,Total,Total,country/region,2020-08-24,98.24000000000001,,120.16999999999999
Greece,Total,Total,country/region,2020-08-25,92.61000000000001,,117.41999999999999
Greece,Total,Total,country/region,2020-08-26,94.02000000000001,,111.97
Greece,Total,Total,country/region,2020-08-27,91.05000000000001,,111.80000000000001
Greece,Total,Total,country/region,2020-08-28,91.66999999999999,,109.06
Greece,Total,Total,country/region,2020-08-29,93.24000000000001,,104.78
Greece,Total,Total,country/region,2020-08-30,101.6,,92.68
Greece,Total,Total,country/region,2020-08-31,85.34,,111.72999999999999
Greece,Total,Total,country/region,2020-09-01,86.03999999999999,,116.43
Greece,Total,Total,country/region,2020-09-02,88.47999999999999,,114.36000000000001
Greece,Total,Total,country/region,2020-09-03,88.06,,116.30000000000001
Greece,Total,Total,country/region,2020-09-04,93.94999999999999,,118.28
Greece,Total,Total,country/region,2020-09-05,90.9,,121.94
Greece,Total,Total,country/region,2020-09-06,94.19,,94.53999999999999
Greece,Total,Total,country/region,2020-09-07,79.75999999999999,,113.65
Greece,Total,Total,country/region,2020-09-08,80.30000000000001,,108.4
Greece,Total,Total,country/region,2020-09-09,85.12,,107.30000000000001
Greece,Total,Total,country/region,2020-09-10,77.43,,102.13
Greece,Total,Total,country/region,2020-09-11,81.07,,105.1
Greece,Total,Total,country/region,2020-09-12,77.57,,104.77000000000001
Greece,Total,Total,country/region,2020-09-13,73.66,,78.71000000000001
Greece,Total,Total,country/region,2020-09-14,64.59,,94.72999999999999
Greece,Total,Total,country/region,2020-09-15,65.13,,90.32
Greece,Total,Total,country/region,2020-09-16,65.47,,91.44
Greece,Total,Total,country/region,2020-09-17,62.44,,90.05000000000001
Greece,Total,Total,country/region,2020-09-18,52.16,,87.65
Greece,Total,Total,country/region,2020-09-19,56.18000000000001,,98.86000000000001
Greece,Total,Total,country/region,2020-09-20,62.24000000000001,,81.36000000000001
Greece,Total,Total,country/region,2020-09-21,55.69,,87.68
Greece,Total,Total,country/region,2020-09-22,51.879999999999995,,81.33000000000001
Greece,Total,Total,country/region,2020-09-23,53.08000000000001,,79.75
Greece,Total,Total,country/region,2020-09-24,51.72,,77.75999999999999
Greece,Total,Total,country/region,2020-09-25,57.110000000000014,,89.05000000000001
Greece,Total,Total,country/region,2020-09-26,53.389999999999986,,92.81
Greece,Total,Total,country/region,2020-09-27,51.21000000000001,,67.19
Greece,Total,Total,country/region,2020-09-28,40.97,,75.94
Greece,Total,Total,country/region,2020-09-29,40.33000000000001,,72.19999999999999
Greece,Total,Total,country/region,2020-09-30,41.620000000000005,,66.32
Greece,Total,Total,country/region,2020-10-01,42.27000000000001,,76.81
Greece,Total,Total,country/region,2020-10-02,50.69,,86.61000000000001
Greece,Total,Total,country/region,2020-10-03,52.379999999999995,,94.00999999999999
Greece,Total,Total,country/region,2020-10-04,49.56999999999999,,65.83000000000001
Greece,Total,Total,country/region,2020-10-05,36.31,,76.12
Greece,Total,Total,country/region,2020-10-06,38.41,,72.91999999999999
Greece,Total,Total,country/region,2020-10-07,39.96000000000001,,66.22999999999999
Greece,Total,Total,country/region,2020-10-08,43.03,,81.49000000000001
Greece,Total,Total,country/region,2020-10-09,50.69999999999999,,84.22
Greece,Total,Total,country/region,2020-10-10,50.47,,98.66999999999999
Greece,Total,Total,country/region,2020-10-11,49.71000000000001,,70.69
Greece,Total,Total,country/region,2020-10-12,39.16,,73.94
Greece,Total,Total,country/region,2020-10-13,39.81999999999999,,82.47
Greece,Total,Total,country/region,2020-10-14,38.66999999999999,,72.75999999999999
Greece,Total,Total,country/region,2020-10-15,35.78,,67.25999999999999
Greece,Total,Total,country/region,2020-10-16,44.150000000000006,,80.91
Greece,Total,Total,country/region,2020-10-17,42.75999999999999,,92.37
Greece,Total,Total,country/region,2020-10-18,41.099999999999994,,62.05000000000001
Greece,Total,Total,country/region,2020-10-19,31.830000000000013,,66.27000000000001
Greece,Total,Total,country/region,2020-10-20,28.69999999999999,,67.41
Greece,Total,Total,country/region,2020-10-21,27.129999999999995,,62.5
Greece,Total,Total,country/region,2020-10-22,24.849999999999994,,61.389999999999986
Greece,Total,Total,country/region,2020-10-23,34.16,,65.55000000000001
Greece,Total,Total,country/region,2020-10-24,23.689999999999998,,55.72999999999999
Greece,Total,Total,country/region,2020-10-25,27.22,,40.78
Greece,Total,Total,country/region,2020-10-26,18.549999999999997,,44.58000000000001
Greece,Total,Total,country/region,2020-10-27,15.86,,41.81
Greece,Total,Total,country/region,2020-10-28,0.09999999999999432,,15.280000000000001
Greece,Total,Total,country/region,2020-10-29,11.310000000000002,,36.900000000000006
Greece,Total,Total,country/region,2020-10-30,15.89,,32.97999999999999
Greece,Total,Total,country/region,2020-10-31,6.739999999999995,,32.43000000000001
Greece,Total,Total,country/region,2020-11-01,3.7900000000000063,,11.439999999999998
Greece,Total,Total,country/region,2020-11-02,-2.549999999999997,,15.650000000000006
Greece,Total,Total,country/region,2020-11-03,-12.959999999999994,,-4.730000000000004
Greece,Total,Total,country/region,2020-11-04,-11.150000000000006,,-5.030000000000001
Greece,Total,Total,country/region,2020-11-05,9.939999999999998,,2.019999999999996
Greece,Total,Total,country/region,2020-11-06,48.5,,10.810000000000002
Greece,Total,Total,country/region,2020-11-07,-57.77,,-41.95
Greece,Total,Total,country/region,2020-11-08,-54.97,,-40.19
Greece,Total,Total,country/region,2020-11-09,-47.89,,-39.79
Greece,Total,Total,country/region,2020-11-10,-48.57,,-40.13
Greece,Total,Total,country/region,2020-11-11,-47.88,,-38.84
Greece,Total,Total,country/region,2020-11-12,-47.66,,-40.85
Greece,Total,Total,country/region,2020-11-13,-48.03,,-40.16
Greece,Total,Total,country/region,2020-11-14,-58.7,,-43.67
Greece,Total,Total,country/region,2020-11-15,-58.56,,-41.99
Greece,Total,Total,country/region,2020-11-16,-51.51,,-41.03
Greece,Total,Total,country/region,2020-11-17,-48.13,,-41.39
Greece,Total,Total,country/region,2020-11-18,-51.61,,-46.49
Greece,Total,Total,country/region,2020-11-19,-50.54,,-48.79
Greece,Total,Total,country/region,2020-11-20,-49.54,,-44.95
Greece,Total,Total,country/region,2020-11-21,-58.44,,-46.07
Greece,Total,Total,country/region,2020-11-22,-60.44,,-54.11
Greece,Total,Total,country/region,2020-11-23,-51.62,,-46.58
Greece,Total,Total,country/region,2020-11-24,-50.46,,-45.43
Greece,Total,Total,country/region,2020-11-25,-48.3,,-45.31
Greece,Total,Total,country/region,2020-11-26,-47.63,,-45.05
Greece,Total,Total,country/region,2020-11-27,-46.92,,-40.56
Greece,Total,Total,country/region,2020-11-28,-53.86,,-41.33
Greece,Total,Total,country/region,2020-11-29,-60.39,,-56.12
Greece,Total,Total,country/region,2020-11-30,-49.16,,-46.29
Greece,Total,Total,country/region,2020-12-01,-49.03,,-47.79
Greece,Total,Total,country/region,2020-12-02,-47.37,,-43.6
Greece,Total,Total,country/region,2020-12-03,-45.12,,-40.9
Greece,Total,Total,country/region,2020-12-04,-43.85,,-43.58
Greece,Total,Total,country/region,2020-12-05,-50.65,,-38.83
Greece,Total,Total,country/region,2020-12-06,-54.86,,-47.84
Greece,Total,Total,country/region,2020-12-07,-45.25,,-42.81
Greece,Total,Total,country/region,2020-12-08,-42.59,,-37.44
Greece,Total,Total,country/region,2020-12-09,-41.69,,-41.26
Greece,Total,Total,country/region,2020-12-10,-45.51,,-48.02
Greece,Total,Total,country/region,2020-12-11,-38.37,,-40.13
Greece,Total,Total,country/region,2020-12-12,-46.88,,-39.39
Greece,Total,Total,country/region,2020-12-13,-53.32,,-54.62
Greece,Total,Total,country/region,2020-12-14,-39.43,,-42.48
Greece,Total,Total,country/region,2020-12-15,-33.31999999999999,,-30.560000000000002
Greece,Total,Total,country/region,2020-12-16,-32.43000000000001,,-30.680000000000007
Greece,Total,Total,country/region,2020-12-17,-30.459999999999994,,-29.409999999999997
Greece,Total,Total,country/region,2020-12-18,-28.519999999999996,,-28.42
Greece,Total,Total,country/region,2020-12-19,-39.8,,-33.7
Greece,Total,Total,country/region,2020-12-20,-46.9,,-44.18
Greece,Total,Total,country/region,2020-12-21,-26.810000000000002,,-27.599999999999994
Greece,Total,Total,country/region,2020-12-22,-22.159999999999997,,-22.989999999999995
Greece,Total,Total,country/region,2020-12-23,-13.170000000000002,,-19.099999999999994
Greece,Total,Total,country/region,2020-12-24,-33.900000000000006,,-32.83
Greece,Total,Total,country/region,2020-12-25,-63.81,,-63.91
Greece,Total,Total,country/region,2020-12-26,-54.38,,-48.77
Greece,Total,Total,country/region,2020-12-27,-49.12,,-48.85
Greece,Total,Total,country/region,2020-12-28,-28.310000000000002,,-23.060000000000002
Greece,Total,Total,country/region,2020-12-29,-23.629999999999995,,-19.060000000000002
Greece,Total,Total,country/region,2020-12-30,-24.620000000000005,,-21.319999999999993
Greece,Total,Total,country/region,2020-12-31,-40.83,,-39.4
Greece,Total,Total,country/region,2021-01-01,-61.27,,-61.79
Greece,Total,Total,country/region,2021-01-02,-50.65,,-49.41
Greece,Total,Total,country/region,2021-01-03,-49.12,,-46.41
Greece,Total,Total,country/region,2021-01-04,-45.86,,-45.37
Greece,Total,Total,country/region,2021-01-05,-40.13,,-35.06999999999999
Greece,Total,Total,country/region,2021-01-06,-50.0,,-45.24
Greece,Total,Total,country/region,2021-01-07,-38.28,,-35.25
Greece,Total,Total,country/region,2021-01-08,-34.94,,-31.61
Greece,Total,Total,country/region,2021-01-09,-40.75,,-33.93000000000001
Greece,Total,Total,country/region,2021-01-10,-40.76,,-39.38
Greece,Total,Total,country/region,2021-01-11,-34.129999999999995,,-33.290000000000006
Greece,Total,Total,country/region,2021-01-12,-34.44,,-36.6
Greece,Total,Total,country/region,2021-01-13,-33.69,,-30.239999999999995
Greece,Total,Total,country/region,2021-01-14,-31.510000000000005,,-30.650000000000006
Greece,Total,Total,country/region,2021-01-15,-34.11,,-34.099999999999994
Greece,Total,Total,country/region,2021-01-16,-43.62,,-46.32
Greece,Total,Total,country/region,2021-01-17,-37.49,,-44.51
Greece,Total,Total,country/region,2021-01-18,-30.599999999999994,,-35.11
Greece,Total,Total,country/region,2021-01-19,-27.209999999999994,,-29.700000000000003
Greece,Total,Total,country/region,2021-01-20,-28.349999999999994,,-28.379999999999995
Greece,Total,Total,country/region,2021-01-21,-26.11,,-24.739999999999995
Greece,Total,Total,country/region,2021-01-22,-24.260000000000005,,-23.810000000000002
Greece,Total,Total,country/region,2021-01-23,-32.11,,-27.97
Greece,Total,Total,country/region,2021-01-24,-35.95,,-37.37
Greece,Total,Total,country/region,2021-01-25,-30.189999999999998,,-29.290000000000006
Greece,Total,Total,country/region,2021-01-26,-30.11,,-31.980000000000004
Greece,Total,Total,country/region,2021-01-27,-31.22,,-33.89
Greece,Total,Total,country/region,2021-01-28,-27.060000000000002,,-29.010000000000005
Greece,Total,Total,country/region,2021-01-29,-21.930000000000007,,-23.230000000000004
Greece,Total,Total,country/region,2021-01-30,-33.290000000000006,,-26.629999999999995
Greece,Total,Total,country/region,2021-01-31,-36.78,,-39.36
Greece,Total,Total,country/region,2021-02-01,-33.43000000000001,,-36.71
Greece,Total,Total,country/region,2021-02-02,-30.409999999999997,,-29.060000000000002
Greece,Total,Total,country/region,2021-02-03,-30.900000000000006,,-29.590000000000003
Greece,Total,Total,country/region,2021-02-04,-27.209999999999994,,-27.909999999999997
Greece,Total,Total,country/region,2021-02-05,-23.870000000000005,,-21.700000000000003
Greece,Total,Total,country/region,2021-02-06,-39.53,,-35.239999999999995
Greece,Total,Total,country/region,2021-02-07,-39.61,,-40.48
Greece,Total,Total,country/region,2021-02-08,-34.3,,-33.25
Greece,Total,Total,country/region,2021-02-09,-29.299999999999997,,-27.89
Greece,Total,Total,country/region,2021-02-10,-24.090000000000003,,-25.83
