author,author_url,report_url,date
Εθνικός Οργανισμός Δημόσιας Υγείας (ΕΟΔΥ),https://eody.gov.gr/,https://eody.gov.gr/covid-gr-daily-report-20200320/,2020-03-20
Εθνικός Οργανισμός Δημόσιας Υγείας (ΕΟΔΥ),https://eody.gov.gr/,https://eody.gov.gr/covid-gr-daily-report-20200321/,2020-03-21
Εθνικός Οργανισμός Δημόσιας Υγείας (ΕΟΔΥ),https://eody.gov.gr/,https://eody.gov.gr/covid-gr-daily-report-20200322/,2020-03-22
Εθνικός Οργανισμός Δημόσιας Υγείας (ΕΟΔΥ),https://eody.gov.gr/,https://eody.gov.gr/covid-gr-daily-report-20200323/,2020-03-23
Εθνικός Οργανισμός Δημόσιας Υγείας (ΕΟΔΥ),https://eody.gov.gr/,https://eody.gov.gr/covid-gr-daily-report-20200324/,2020-03-24
Εθνικός Οργανισμός Δημόσιας Υγείας (ΕΟΔΥ),https://eody.gov.gr/,https://eody.gov.gr/covid-gr-daily-report-20200325/,2020-03-25
Εθνικός Οργανισμός Δημόσιας Υγείας (ΕΟΔΥ),https://eody.gov.gr/,https://eody.gov.gr/covid-gr-daily-report-29-03-20/,2020-03-29
Εθνικός Οργανισμός Δημόσιας Υγείας (ΕΟΔΥ),https://eody.gov.gr/,https://eody.gov.gr/covid-gr-daily-report-20200403/,2020-04-05
Εθνικός Οργανισμός Δημόσιας Υγείας (ΕΟΔΥ),https://eody.gov.gr/,https://eody.gov.gr/covid-gr-daily-report-20200404/,2020-04-06
Εθνικός Οργανισμός Δημόσιας Υγείας (ΕΟΔΥ),https://eody.gov.gr/,https://eody.gov.gr/covid-gr-daily-report-20200405/,2020-04-07
Εθνικός Οργανισμός Δημόσιας Υγείας (ΕΟΔΥ),https://eody.gov.gr/,https://eody.gov.gr/covid-gr-daily-report-20200406/,2020-04-08
Εθνικός Οργανισμός Δημόσιας Υγείας (ΕΟΔΥ),https://eody.gov.gr/,https://eody.gov.gr/covid-gr-daily-report-20200407/,2020-04-09
Εθνικός Οργανισμός Δημόσιας Υγείας (ΕΟΔΥ),https://eody.gov.gr/,https://eody.gov.gr/covid-gr-daily-report-20200408/,2020-04-10
Εθνικός Οργανισμός Δημόσιας Υγείας (ΕΟΔΥ),https://eody.gov.gr/,https://eody.gov.gr/wp-content/uploads/2020/04/covid-gr-daily-report-20200409.pdf,2020-04-11
Εθνικός Οργανισμός Δημόσιας Υγείας (ΕΟΔΥ),https://eody.gov.gr/,https://eody.gov.gr/wp-content/uploads/2020/04/covid-gr-daily-report-20200410-1.pdf,2020-04-12
Εθνικός Οργανισμός Δημόσιας Υγείας (ΕΟΔΥ),https://eody.gov.gr/,https://eody.gov.gr/en/covid-gr-daily-report-20200411-1/,2020-04-13
Εθνικός Οργανισμός Δημόσιας Υγείας (ΕΟΔΥ),https://eody.gov.gr/,https://eody.gov.gr/en/covid-gr-daily-report-20200413-1/,2020-04-14
Εθνικός Οργανισμός Δημόσιας Υγείας (ΕΟΔΥ),https://eody.gov.gr/,https://eody.gov.gr/en/covid-gr-daily-report-20200414/,2020-04-15
Εθνικός Οργανισμός Δημόσιας Υγείας (ΕΟΔΥ),https://eody.gov.gr/,https://eody.gov.gr/en/covid-gr-daily-report-20200415/,2020-04-16
Εθνικός Οργανισμός Δημόσιας Υγείας (ΕΟΔΥ),https://eody.gov.gr/,https://eody.gov.gr/wp-content/uploads/2020/04/covid-gr-daily-report-20200416.pdf,2020-04-17
Εθνικός Οργανισμός Δημόσιας Υγείας (ΕΟΔΥ),https://eody.gov.gr/,https://eody.gov.gr/covid-gr-daily-report-20200417/,2020-04-18
Εθνικός Οργανισμός Δημόσιας Υγείας (ΕΟΔΥ),https://eody.gov.gr/,https://eody.gov.gr/covid-gr-daily-report-20200418/,2020-04-19
Εθνικός Οργανισμός Δημόσιας Υγείας (ΕΟΔΥ),https://eody.gov.gr/,https://eody.gov.gr/covid-gr-daily-report-20200420/,2020-04-20
Εθνικός Οργανισμός Δημόσιας Υγείας (ΕΟΔΥ),https://eody.gov.gr/,https://eody.gov.gr/covid-gr-daily-report-20200421/,2020-04-21
Εθνικός Οργανισμός Δημόσιας Υγείας (ΕΟΔΥ),https://eody.gov.gr/,https://eody.gov.gr/covid-gr-daily-report-20200422/,2020-04-22
Εθνικός Οργανισμός Δημόσιας Υγείας (ΕΟΔΥ),https://eody.gov.gr/,https://eody.gov.gr/covid-gr-daily-report-20200423/,2020-04-23
Εθνικός Οργανισμός Δημόσιας Υγείας (ΕΟΔΥ),https://eody.gov.gr/,https://eody.gov.gr/covid-gr-daily-report-20200424/,2020-04-24
Εθνικός Οργανισμός Δημόσιας Υγείας (ΕΟΔΥ),https://eody.gov.gr/,https://eody.gov.gr/covid-gr-daily-report-20200425/,2020-04-25
Εθνικός Οργανισμός Δημόσιας Υγείας (ΕΟΔΥ),https://eody.gov.gr/,https://eody.gov.gr/covid-gr-daily-report-20200426/,2020-04-26
Εθνικός Οργανισμός Δημόσιας Υγείας (ΕΟΔΥ),https://eody.gov.gr/,https://eody.gov.gr/covid-gr-daily-report-20200427/,2020-04-27
Εθνικός Οργανισμός Δημόσιας Υγείας (ΕΟΔΥ),https://eody.gov.gr/,https://eody.gov.gr/covid-gr-daily-report-20200428/,2020-04-28
Εθνικός Οργανισμός Δημόσιας Υγείας (ΕΟΔΥ),https://eody.gov.gr/,https://eody.gov.gr/covid-gr-daily-report-20200429/,2020-04-29
Εθνικός Οργανισμός Δημόσιας Υγείας (ΕΟΔΥ),https://eody.gov.gr/,https://eody.gov.gr/covid-gr-daily-report-20200430/,2020-04-30
Εθνικός Οργανισμός Δημόσιας Υγείας (ΕΟΔΥ),https://eody.gov.gr/,https://eody.gov.gr/covid-gr-daily-report-20200501/,2020-05-01
Εθνικός Οργανισμός Δημόσιας Υγείας (ΕΟΔΥ),https://eody.gov.gr/,https://eody.gov.gr/covid-gr-daily-report-20200502/,2020-05-02
Εθνικός Οργανισμός Δημόσιας Υγείας (ΕΟΔΥ),https://eody.gov.gr/,https://eody.gov.gr/covid-gr-daily-report-20200503/,2020-05-03
Εθνικός Οργανισμός Δημόσιας Υγείας (ΕΟΔΥ),https://eody.gov.gr/,https://eody.gov.gr/covid-gr-daily-report-20200504/,2020-05-04
Εθνικός Οργανισμός Δημόσιας Υγείας (ΕΟΔΥ),https://eody.gov.gr/,https://eody.gov.gr/covid-gr-daily-report-20200505/,2020-05-05
Εθνικός Οργανισμός Δημόσιας Υγείας (ΕΟΔΥ),https://eody.gov.gr/,https://eody.gov.gr/covid-gr-daily-report-20200506/,2020-05-06
Εθνικός Οργανισμός Δημόσιας Υγείας (ΕΟΔΥ),https://eody.gov.gr/,https://eody.gov.gr/covid-gr-daily-report-20200507/,2020-05-07
Εθνικός Οργανισμός Δημόσιας Υγείας (ΕΟΔΥ),https://eody.gov.gr/,https://eody.gov.gr/covid-gr-daily-report-20200508/,2020-05-08
Εθνικός Οργανισμός Δημόσιας Υγείας (ΕΟΔΥ),https://eody.gov.gr/,https://eody.gov.gr/covid-gr-daily-report-20200509/,2020-05-09
Εθνικός Οργανισμός Δημόσιας Υγείας (ΕΟΔΥ),https://eody.gov.gr/,https://eody.gov.gr/covid-gr-daily-report-20200510/,2020-05-10
Εθνικός Οργανισμός Δημόσιας Υγείας (ΕΟΔΥ),https://eody.gov.gr/,https://eody.gov.gr/covid-gr-daily-report-20200511/,2020-05-11
Εθνικός Οργανισμός Δημόσιας Υγείας (ΕΟΔΥ),https://eody.gov.gr/,https://eody.gov.gr/covid-gr-daily-report-20200512/,2020-05-12
Εθνικός Οργανισμός Δημόσιας Υγείας (ΕΟΔΥ),https://eody.gov.gr/,https://eody.gov.gr/covid-gr-daily-report-20200513/,2020-05-13
Εθνικός Οργανισμός Δημόσιας Υγείας (ΕΟΔΥ),https://eody.gov.gr/,https://eody.gov.gr/covid-gr-daily-report-20200514/,2020-05-14
Εθνικός Οργανισμός Δημόσιας Υγείας (ΕΟΔΥ),https://eody.gov.gr/,https://eody.gov.gr/covid-gr-daily-report-20200515/,2020-05-15
Εθνικός Οργανισμός Δημόσιας Υγείας (ΕΟΔΥ),https://eody.gov.gr/,https://eody.gov.gr/covid-gr-daily-report-20200516/,2020-05-16
Εθνικός Οργανισμός Δημόσιας Υγείας (ΕΟΔΥ),https://eody.gov.gr/,https://eody.gov.gr/covid-gr-daily-report-20200517/,2020-05-17
Εθνικός Οργανισμός Δημόσιας Υγείας (ΕΟΔΥ),https://eody.gov.gr/,https://eody.gov.gr/covid-gr-daily-report-20200518/,2020-05-18
Εθνικός Οργανισμός Δημόσιας Υγείας (ΕΟΔΥ),https://eody.gov.gr/,https://eody.gov.gr/covid-gr-daily-report-20200519/,2020-05-19
Εθνικός Οργανισμός Δημόσιας Υγείας (ΕΟΔΥ),https://eody.gov.gr/,https://eody.gov.gr/covid-gr-daily-report-20200520/,2020-05-20
Εθνικός Οργανισμός Δημόσιας Υγείας (ΕΟΔΥ),https://eody.gov.gr/,https://eody.gov.gr/covid-gr-daily-report-20200521/,2020-05-21
Εθνικός Οργανισμός Δημόσιας Υγείας (ΕΟΔΥ),https://eody.gov.gr/,https://eody.gov.gr/covid-gr-daily-report-20200522/,2020-05-22
Εθνικός Οργανισμός Δημόσιας Υγείας (ΕΟΔΥ),https://eody.gov.gr/,https://eody.gov.gr/covid-gr-daily-report-20200523/,2020-05-23
Εθνικός Οργανισμός Δημόσιας Υγείας (ΕΟΔΥ),https://eody.gov.gr/,https://eody.gov.gr/covid-gr-daily-report-20200524/,2020-05-24
Εθνικός Οργανισμός Δημόσιας Υγείας (ΕΟΔΥ),https://eody.gov.gr/,https://eody.gov.gr/covid-gr-daily-report-20200525/,2020-05-25
Εθνικός Οργανισμός Δημόσιας Υγείας (ΕΟΔΥ),https://eody.gov.gr/,https://eody.gov.gr/covid-gr-daily-report-20200526/,2020-05-26
Εθνικός Οργανισμός Δημόσιας Υγείας (ΕΟΔΥ),https://eody.gov.gr/,https://eody.gov.gr/covid-gr-daily-report-20200527/,2020-05-27
Εθνικός Οργανισμός Δημόσιας Υγείας (ΕΟΔΥ),https://eody.gov.gr/,https://eody.gov.gr/covid-gr-daily-report-20200528/,2020-05-28
Εθνικός Οργανισμός Δημόσιας Υγείας (ΕΟΔΥ),https://eody.gov.gr/,https://eody.gov.gr/covid-gr-daily-report-20200529/,2020-05-29
Εθνικός Οργανισμός Δημόσιας Υγείας (ΕΟΔΥ),https://eody.gov.gr/,https://eody.gov.gr/covid-gr-daily-report-20200530/,2020-05-30
Εθνικός Οργανισμός Δημόσιας Υγείας (ΕΟΔΥ),https://eody.gov.gr/,https://eody.gov.gr/covid-gr-daily-report-20200531/,2020-05-31
Εθνικός Οργανισμός Δημόσιας Υγείας (ΕΟΔΥ),https://eody.gov.gr/,https://eody.gov.gr/covid-gr-daily-report-20200601/,2020-06-01
Εθνικός Οργανισμός Δημόσιας Υγείας (ΕΟΔΥ),https://eody.gov.gr/,https://eody.gov.gr/covid-gr-report-20200604/,2020-06-04
Εθνικός Οργανισμός Δημόσιας Υγείας (ΕΟΔΥ),https://eody.gov.gr/,https://eody.gov.gr/covid-gr-daily-report-20200608/,2020-06-08
Εθνικός Οργανισμός Δημόσιας Υγείας (ΕΟΔΥ),https://eody.gov.gr/,https://eody.gov.gr/0609_briefing_covid19/,2020-06-09
Εθνικός Οργανισμός Δημόσιας Υγείας (ΕΟΔΥ),https://eody.gov.gr/,https://eody.gov.gr/0610_briefing_covid19/,2020-06-10
Εθνικός Οργανισμός Δημόσιας Υγείας (ΕΟΔΥ),https://eody.gov.gr/,https://eody.gov.gr/0611_briefing_covid19/,2020-06-11
Εθνικός Οργανισμός Δημόσιας Υγείας (ΕΟΔΥ),https://eody.gov.gr/,https://eody.gov.gr/0612_briefing_covid19/,2020-06-12
Εθνικός Οργανισμός Δημόσιας Υγείας (ΕΟΔΥ),https://eody.gov.gr/,https://eody.gov.gr/0613_briefing_covid19/,2020-06-13
Εθνικός Οργανισμός Δημόσιας Υγείας (ΕΟΔΥ),https://eody.gov.gr/,https://eody.gov.gr/0614_briefing_covid19/,2020-06-14
Εθνικός Οργανισμός Δημόσιας Υγείας (ΕΟΔΥ),https://eody.gov.gr/,https://eody.gov.gr/0615_briefing_covid19/,2020-06-15
Εθνικός Οργανισμός Δημόσιας Υγείας (ΕΟΔΥ),https://eody.gov.gr/,https://eody.gov.gr/0616_briefing_covid19/,2020-06-16
Εθνικός Οργανισμός Δημόσιας Υγείας (ΕΟΔΥ),https://eody.gov.gr/,https://eody.gov.gr/0617_briefing_covid19/,2020-06-17
Εθνικός Οργανισμός Δημόσιας Υγείας (ΕΟΔΥ),https://eody.gov.gr/,https://eody.gov.gr/covid-gr-daily-report-20200618/,2020-06-18
Εθνικός Οργανισμός Δημόσιας Υγείας (ΕΟΔΥ),https://eody.gov.gr/,https://eody.gov.gr/0619_briefing_covid19/,2020-06-19
Εθνικός Οργανισμός Δημόσιας Υγείας (ΕΟΔΥ),https://eody.gov.gr/,https://eody.gov.gr/0620_briefing_covid19/,2020-06-20
Εθνικός Οργανισμός Δημόσιας Υγείας (ΕΟΔΥ),https://eody.gov.gr/,https://eody.gov.gr/covid-gr-daily-report-20200602/,2020-06-20
Εθνικός Οργανισμός Δημόσιας Υγείας (ΕΟΔΥ),https://eody.gov.gr/,https://eody.gov.gr/0621_briefing_covid19/,2020-06-21
Εθνικός Οργανισμός Δημόσιας Υγείας (ΕΟΔΥ),https://eody.gov.gr/,https://eody.gov.gr/covid-gr-daily-report-20200622/,2020-06-22
Εθνικός Οργανισμός Δημόσιας Υγείας (ΕΟΔΥ),https://eody.gov.gr/,https://eody.gov.gr/0623_briefing_covid19/,2020-06-23
Εθνικός Οργανισμός Δημόσιας Υγείας (ΕΟΔΥ),https://eody.gov.gr/,https://eody.gov.gr/0624_briefing_covid19/,2020-06-24
Εθνικός Οργανισμός Δημόσιας Υγείας (ΕΟΔΥ),https://eody.gov.gr/,https://eody.gov.gr/covid-gr-daily-report-20200625/,2020-06-25
Εθνικός Οργανισμός Δημόσιας Υγείας (ΕΟΔΥ),https://eody.gov.gr/,https://eody.gov.gr/0626_briefing_covid19/,2020-06-26
Εθνικός Οργανισμός Δημόσιας Υγείας (ΕΟΔΥ),https://eody.gov.gr/,https://eody.gov.gr/covid-gr-daily-report-20200627/,2020-06-27
Εθνικός Οργανισμός Δημόσιας Υγείας (ΕΟΔΥ),https://eody.gov.gr/,https://eody.gov.gr/0628_briefing_covid19/,2020-06-28
Εθνικός Οργανισμός Δημόσιας Υγείας (ΕΟΔΥ),https://eody.gov.gr/,https://eody.gov.gr/ekthesi-epitirisis-covid-19-29-06-2020//,2020-06-29
Εθνικός Οργανισμός Δημόσιας Υγείας (ΕΟΔΥ),https://eody.gov.gr/,https://eody.gov.gr/0630_briefing_covid19/,2020-06-30
Εθνικός Οργανισμός Δημόσιας Υγείας (ΕΟΔΥ),https://eody.gov.gr/,https://eody.gov.gr/0701_briefing_covid19/,2020-07-01
Εθνικός Οργανισμός Δημόσιας Υγείας (ΕΟΔΥ),https://eody.gov.gr/,https://eody.gov.gr/0702_briefing_covid19/,2020-07-02
Εθνικός Οργανισμός Δημόσιας Υγείας (ΕΟΔΥ),https://eody.gov.gr/,https://eody.gov.gr/?attachment_id=23275,2020-07-03
Εθνικός Οργανισμός Δημόσιας Υγείας (ΕΟΔΥ),https://eody.gov.gr/,https://eody.gov.gr/0704_briefing_covid19/,2020-07-04
Εθνικός Οργανισμός Δημόσιας Υγείας (ΕΟΔΥ),https://eody.gov.gr/,https://eody.gov.gr/0705_briefing_covid19/,2020-07-05
Εθνικός Οργανισμός Δημόσιας Υγείας (ΕΟΔΥ),https://eody.gov.gr/,https://eody.gov.gr/0706_briefing_covid19/,2020-07-06
Εθνικός Οργανισμός Δημόσιας Υγείας (ΕΟΔΥ),https://eody.gov.gr/,https://eody.gov.gr/0707_briefing_covid19/,2020-07-07
Εθνικός Οργανισμός Δημόσιας Υγείας (ΕΟΔΥ),https://eody.gov.gr/,https://eody.gov.gr/covid-gr-daily-report-20200708/,2020-07-08
Εθνικός Οργανισμός Δημόσιας Υγείας (ΕΟΔΥ),https://eody.gov.gr/,https://eody.gov.gr/covid-gr-daily-report-20200709/,2020-07-09
Εθνικός Οργανισμός Δημόσιας Υγείας (ΕΟΔΥ),https://eody.gov.gr/,https://eody.gov.gr/covid-gr-daily-report-20200710/,2020-07-10
Εθνικός Οργανισμός Δημόσιας Υγείας (ΕΟΔΥ),https://eody.gov.gr/,https://eody.gov.gr/covid-gr-daily-report-20200711/,2020-07-11
Εθνικός Οργανισμός Δημόσιας Υγείας (ΕΟΔΥ),https://eody.gov.gr/,https://eody.gov.gr/covid-gr-daily-report-20200712/,2020-07-12
Εθνικός Οργανισμός Δημόσιας Υγείας (ΕΟΔΥ),https://eody.gov.gr/,https://eody.gov.gr/covid-gr-daily-report-20200713-2/,2020-07-13
Εθνικός Οργανισμός Δημόσιας Υγείας (ΕΟΔΥ),https://eody.gov.gr/,https://eody.gov.gr/covid-gr-daily-report-20200714-2/,2020-07-14
Εθνικός Οργανισμός Δημόσιας Υγείας (ΕΟΔΥ),https://eody.gov.gr/,https://eody.gov.gr/daily-report-covid-19_15-07-2020/,2020-07-15
Εθνικός Οργανισμός Δημόσιας Υγείας (ΕΟΔΥ),https://eody.gov.gr/,https://eody.gov.gr/daily_report_covid-19_16-07-2020/,2020-07-16
Εθνικός Οργανισμός Δημόσιας Υγείας (ΕΟΔΥ),https://eody.gov.gr/,https://eody.gov.gr/en/imerisia-ekthesi-covid-19_17-07-2020/,2020-07-17
Εθνικός Οργανισμός Δημόσιας Υγείας (ΕΟΔΥ),https://eody.gov.gr/,https://eody.gov.gr/covid-gr-daily-report-20200718/,2020-07-18
Εθνικός Οργανισμός Δημόσιας Υγείας (ΕΟΔΥ),https://eody.gov.gr/,https://eody.gov.gr/covid-gr-daily-report-20200719-new-1-2/,2020-07-19
Εθνικός Οργανισμός Δημόσιας Υγείας (ΕΟΔΥ),https://eody.gov.gr/,https://eody.gov.gr/covid-gr-daily-report-20200720-2/,2020-07-20
Εθνικός Οργανισμός Δημόσιας Υγείας (ΕΟΔΥ),https://eody.gov.gr/,https://eody.gov.gr/covid-gr-daily-report-20200721-v1/,2020-07-21
Εθνικός Οργανισμός Δημόσιας Υγείας (ΕΟΔΥ),https://eody.gov.gr/,https://eody.gov.gr/covid-gr-daily-report-20200722/,2020-07-22
Εθνικός Οργανισμός Δημόσιας Υγείας (ΕΟΔΥ),https://eody.gov.gr/,https://eody.gov.gr/?attachment_id=24001,2020-07-23
Εθνικός Οργανισμός Δημόσιας Υγείας (ΕΟΔΥ),https://eody.gov.gr/,https://eody.gov.gr/covid-gr-daily-report-20200724/,2020-07-24
Εθνικός Οργανισμός Δημόσιας Υγείας (ΕΟΔΥ),https://eody.gov.gr/,https://eody.gov.gr/covid-gr-daily-report/,2020-07-25
Εθνικός Οργανισμός Δημόσιας Υγείας (ΕΟΔΥ),https://eody.gov.gr/,https://eody.gov.gr/covid-gr-daily-report-20200726,2020-07-26
Εθνικός Οργανισμός Δημόσιας Υγείας (ΕΟΔΥ),https://eody.gov.gr/,https://eody.gov.gr/covid-gr-daily-report-20200727,2020-07-27
Εθνικός Οργανισμός Δημόσιας Υγείας (ΕΟΔΥ),https://eody.gov.gr/,https://eody.gov.gr/covid-gr-daily-report-20200728,2020-07-28
Εθνικός Οργανισμός Δημόσιας Υγείας (ΕΟΔΥ),https://eody.gov.gr/,https://eody.gov.gr/covid-gr-daily-report-20200729,2020-07-29
Εθνικός Οργανισμός Δημόσιας Υγείας (ΕΟΔΥ),https://eody.gov.gr/,https://eody.gov.gr/covid-gr-daily-report-20200730,2020-07-30
Εθνικός Οργανισμός Δημόσιας Υγείας (ΕΟΔΥ),https://eody.gov.gr/,https://eody.gov.gr/wp-content/uploads/2020/07/covid-gr-daily-report-2.pdf,2020-07-31
Εθνικός Οργανισμός Δημόσιας Υγείας (ΕΟΔΥ),https://eody.gov.gr/,https://eody.gov.gr/covid-gr-daily-report-20200801,2020-08-01
Εθνικός Οργανισμός Δημόσιας Υγείας (ΕΟΔΥ),https://eody.gov.gr/,https://eody.gov.gr/covid-gr-daily-report-20200802,2020-08-02
Εθνικός Οργανισμός Δημόσιας Υγείας (ΕΟΔΥ),https://eody.gov.gr/,https://eody.gov.gr/covid-gr-daily-report-20200803,2020-08-03
Εθνικός Οργανισμός Δημόσιας Υγείας (ΕΟΔΥ),https://eody.gov.gr/,https://eody.gov.gr/covid-gr-daily-report-20200804,2020-08-04
Εθνικός Οργανισμός Δημόσιας Υγείας (ΕΟΔΥ),https://eody.gov.gr/,https://eody.gov.gr/covid-gr-daily-report-20200805,2020-08-05
Εθνικός Οργανισμός Δημόσιας Υγείας (ΕΟΔΥ),https://eody.gov.gr/,https://eody.gov.gr/covid-gr-daily-report-20200806,2020-08-06
Εθνικός Οργανισμός Δημόσιας Υγείας (ΕΟΔΥ),https://eody.gov.gr/,https://eody.gov.gr/covid-gr-daily-report-20200807,2020-08-07
Εθνικός Οργανισμός Δημόσιας Υγείας (ΕΟΔΥ),https://eody.gov.gr/,https://eody.gov.gr/covid-gr-daily-report-20200808,2020-08-08
Εθνικός Οργανισμός Δημόσιας Υγείας (ΕΟΔΥ),https://eody.gov.gr/,https://eody.gov.gr/covid-gr-daily-report-20200809,2020-08-09
Εθνικός Οργανισμός Δημόσιας Υγείας (ΕΟΔΥ),https://eody.gov.gr/,https://eody.gov.gr/covid-gr-daily-report-20200810,2020-08-10
Εθνικός Οργανισμός Δημόσιας Υγείας (ΕΟΔΥ),https://eody.gov.gr/,https://eody.gov.gr/covid-gr-daily-report-20200811,2020-08-11
Εθνικός Οργανισμός Δημόσιας Υγείας (ΕΟΔΥ),https://eody.gov.gr/,https://eody.gov.gr/covid-gr-daily-report-20200812,2020-08-12
Εθνικός Οργανισμός Δημόσιας Υγείας (ΕΟΔΥ),https://eody.gov.gr/,https://eody.gov.gr/covid-gr-daily-report-20200813,2020-08-13
Εθνικός Οργανισμός Δημόσιας Υγείας (ΕΟΔΥ),https://eody.gov.gr/,https://eody.gov.gr/covid-gr-daily-report-14-08-2020/,2020-08-14
Εθνικός Οργανισμός Δημόσιας Υγείας (ΕΟΔΥ),https://eody.gov.gr/,https://eody.gov.gr/covid-gr-daily-report-15-08-2020/,2020-08-15
Εθνικός Οργανισμός Δημόσιας Υγείας (ΕΟΔΥ),https://eody.gov.gr/,https://eody.gov.gr/covid-gr-daily-report-16-08-2020/,2020-08-16
Εθνικός Οργανισμός Δημόσιας Υγείας (ΕΟΔΥ),https://eody.gov.gr/,https://eody.gov.gr/covid-gr-daily-report-17-08-2020/,2020-08-17
Εθνικός Οργανισμός Δημόσιας Υγείας (ΕΟΔΥ),https://eody.gov.gr/,https://eody.gov.gr/covid-gr-daily-report-18-08-2020/,2020-08-18
Εθνικός Οργανισμός Δημόσιας Υγείας (ΕΟΔΥ),https://eody.gov.gr/,https://eody.gov.gr/covid-gr-daily-report-19-08-2020/,2020-08-19
Εθνικός Οργανισμός Δημόσιας Υγείας (ΕΟΔΥ),https://eody.gov.gr/,https://eody.gov.gr/en/covid-gr-daily-report-20-08-2020/,2020-08-20
Εθνικός Οργανισμός Δημόσιας Υγείας (ΕΟΔΥ),https://eody.gov.gr/,https://eody.gov.gr/covid-gr-daily-report-21-08-2020/,2020-08-21
Εθνικός Οργανισμός Δημόσιας Υγείας (ΕΟΔΥ),https://eody.gov.gr/,https://eody.gov.gr/covid-daily-report-22-08-2020/,2020-08-22
Εθνικός Οργανισμός Δημόσιας Υγείας (ΕΟΔΥ),https://eody.gov.gr/,https://eody.gov.gr/covid-gr-daily-report-23-08-2020/,2020-08-23
Εθνικός Οργανισμός Δημόσιας Υγείας (ΕΟΔΥ),https://eody.gov.gr/,https://eody.gov.gr/covid-gr-daily-report-24-08-2020/,2020-08-24
Εθνικός Οργανισμός Δημόσιας Υγείας (ΕΟΔΥ),https://eody.gov.gr/,https://eody.gov.gr/covid-gr-daily-report-25-08-2020/,2020-08-25
Εθνικός Οργανισμός Δημόσιας Υγείας (ΕΟΔΥ),https://eody.gov.gr/,https://eody.gov.gr/covid-gr-daily-report-20200826/,2020-08-26
Εθνικός Οργανισμός Δημόσιας Υγείας (ΕΟΔΥ),https://eody.gov.gr/,https://eody.gov.gr/covid-gr-daily-report-27-08-2020/,2020-08-27
Εθνικός Οργανισμός Δημόσιας Υγείας (ΕΟΔΥ),https://eody.gov.gr/,https://eody.gov.gr/covid-gr-daily-report-28-08-2020-1/,2020-08-28
Εθνικός Οργανισμός Δημόσιας Υγείας (ΕΟΔΥ),https://eody.gov.gr/,https://eody.gov.gr/covid-gr-daily-report-29-08-2020/,2020-08-29
Εθνικός Οργανισμός Δημόσιας Υγείας (ΕΟΔΥ),https://eody.gov.gr/,https://eody.gov.gr/covid-gr-daily-report-20200830,2020-08-30
Εθνικός Οργανισμός Δημόσιας Υγείας (ΕΟΔΥ),https://eody.gov.gr/,https://eody.gov.gr/covid-gr-daily-report-20200831,2020-08-31
Εθνικός Οργανισμός Δημόσιας Υγείας (ΕΟΔΥ),https://eody.gov.gr/,https://eody.gov.gr/covid-gr-daily-report-20200901,2020-09-01
Εθνικός Οργανισμός Δημόσιας Υγείας (ΕΟΔΥ),https://eody.gov.gr/,https://eody.gov.gr/covid-gr-daily-report-02-09-2020/,2020-09-02
Εθνικός Οργανισμός Δημόσιας Υγείας (ΕΟΔΥ),https://eody.gov.gr/,https://eody.gov.gr/covid-gr-daily-report-20200903,2020-09-03
Εθνικός Οργανισμός Δημόσιας Υγείας (ΕΟΔΥ),https://eody.gov.gr/,https://eody.gov.gr/covid-gr-daily-report-04-09-2020/,2020-09-04
Εθνικός Οργανισμός Δημόσιας Υγείας (ΕΟΔΥ),https://eody.gov.gr/,https://eody.gov.gr/covid-gr-daily-report-05-09-2020/,2020-09-05
Εθνικός Οργανισμός Δημόσιας Υγείας (ΕΟΔΥ),https://eody.gov.gr/,https://eody.gov.gr/0906_briefing_covid19/,2020-09-06
Εθνικός Οργανισμός Δημόσιας Υγείας (ΕΟΔΥ),https://eody.gov.gr/,https://eody.gov.gr/covid-gr-daily-report-07-09-2020/,2020-09-07
Εθνικός Οργανισμός Δημόσιας Υγείας (ΕΟΔΥ),https://eody.gov.gr/,https://eody.gov.gr/covid-gr-daily-report-08-09-2020-2/,2020-09-08
Εθνικός Οργανισμός Δημόσιας Υγείας (ΕΟΔΥ),https://eody.gov.gr/,https://eody.gov.gr/covid-gr-daily-report-20200909/,2020-09-09
Εθνικός Οργανισμός Δημόσιας Υγείας (ΕΟΔΥ),https://eody.gov.gr/,https://eody.gov.gr/covid-gr-daily-report-10-09-20/,2020-09-10
Εθνικός Οργανισμός Δημόσιας Υγείας (ΕΟΔΥ),https://eody.gov.gr/,https://eody.gov.gr/covid-gr-daily-report-11-09-2020/,2020-09-11
Εθνικός Οργανισμός Δημόσιας Υγείας (ΕΟΔΥ),https://eody.gov.gr/,https://eody.gov.gr/covid-gr-daily-report-12-09-2020/,2020-09-12
Εθνικός Οργανισμός Δημόσιας Υγείας (ΕΟΔΥ),https://eody.gov.gr/,https://eody.gov.gr/covid-gr-daily-report-13-09-2020/,2020-09-13
Εθνικός Οργανισμός Δημόσιας Υγείας (ΕΟΔΥ),https://eody.gov.gr/,https://eody.gov.gr/covid-daily-report-14-09-2020-1/,2020-09-14
Εθνικός Οργανισμός Δημόσιας Υγείας (ΕΟΔΥ),https://eody.gov.gr/,https://eody.gov.gr/covid-daily-report-15-9-20-1/,2020-09-15
Εθνικός Οργανισμός Δημόσιας Υγείας (ΕΟΔΥ),https://eody.gov.gr/,https://eody.gov.gr/covid-gr-daily-report-16-09-2020/,2020-09-16
Εθνικός Οργανισμός Δημόσιας Υγείας (ΕΟΔΥ),https://eody.gov.gr/,https://eody.gov.gr/covid-gr-daily-report-17-09-2020/,2020-09-17
Εθνικός Οργανισμός Δημόσιας Υγείας (ΕΟΔΥ),https://eody.gov.gr/,https://eody.gov.gr/covid-gr-daily-report-18-09-2020/,2020-09-18
Εθνικός Οργανισμός Δημόσιας Υγείας (ΕΟΔΥ),https://eody.gov.gr/,https://eody.gov.gr/covid-gr-daily-report-19-09-2020/,2020-09-19
Εθνικός Οργανισμός Δημόσιας Υγείας (ΕΟΔΥ),https://eody.gov.gr/,https://eody.gov.gr/covid-gr-daily-report-20-09-2020/,2020-09-20
Εθνικός Οργανισμός Δημόσιας Υγείας (ΕΟΔΥ),https://eody.gov.gr/,https://eody.gov.gr/covid-gr-daily-report-21-09-2020/,2020-09-21
Εθνικός Οργανισμός Δημόσιας Υγείας (ΕΟΔΥ),https://eody.gov.gr/,https://eody.gov.gr/covid-gr-daily-report-22-09-2020/,2020-09-22
Εθνικός Οργανισμός Δημόσιας Υγείας (ΕΟΔΥ),https://eody.gov.gr/,https://eody.gov.gr/covid-gr-daily-report-23-09-2020/,2020-09-23
Εθνικός Οργανισμός Δημόσιας Υγείας (ΕΟΔΥ),https://eody.gov.gr/,https://eody.gov.gr/covid-gr-daily-report-24-09-2020/,2020-09-24
Εθνικός Οργανισμός Δημόσιας Υγείας (ΕΟΔΥ),https://eody.gov.gr/,https://eody.gov.gr/covid-gr-daily-report-25-09-2020/,2020-09-25
Εθνικός Οργανισμός Δημόσιας Υγείας (ΕΟΔΥ),https://eody.gov.gr/,https://eody.gov.gr/covid-gr-daily-report-26-09-2020/,2020-09-26
Εθνικός Οργανισμός Δημόσιας Υγείας (ΕΟΔΥ),https://eody.gov.gr/,https://eody.gov.gr/covid-gr-daily-report-27-09-2020/,2020-09-27
Εθνικός Οργανισμός Δημόσιας Υγείας (ΕΟΔΥ),https://eody.gov.gr/,https://eody.gov.gr/covid-gr-daily-report-28-09-2020/,2020-09-28
Εθνικός Οργανισμός Δημόσιας Υγείας (ΕΟΔΥ),https://eody.gov.gr/,https://eody.gov.gr/covid-gr-daily-report-29-09-20/,2020-09-29
Εθνικός Οργανισμός Δημόσιας Υγείας (ΕΟΔΥ),https://eody.gov.gr/,https://eody.gov.gr/covid-gr-daily-report-30-09-2020/,2020-09-30
Εθνικός Οργανισμός Δημόσιας Υγείας (ΕΟΔΥ),https://eody.gov.gr/,https://eody.gov.gr/covid-gr-daily-report-20201001/,2020-10-01
Εθνικός Οργανισμός Δημόσιας Υγείας (ΕΟΔΥ),https://eody.gov.gr/,https://eody.gov.gr/covid-gr-daily-report-20201002/,2020-10-02
Εθνικός Οργανισμός Δημόσιας Υγείας (ΕΟΔΥ),https://eody.gov.gr/,https://eody.gov.gr/covid-gr-daily-report-20201003/,2020-10-03
Εθνικός Οργανισμός Δημόσιας Υγείας (ΕΟΔΥ),https://eody.gov.gr/,https://eody.gov.gr/covid-gr-daily-report-20201004/,2020-10-04
Εθνικός Οργανισμός Δημόσιας Υγείας (ΕΟΔΥ),https://eody.gov.gr/,https://eody.gov.gr/covid-gr-daily-report-20201005/,2020-10-05
Εθνικός Οργανισμός Δημόσιας Υγείας (ΕΟΔΥ),https://eody.gov.gr/,https://eody.gov.gr/covid-gr-daily-report-20201006/,2020-10-06
Εθνικός Οργανισμός Δημόσιας Υγείας (ΕΟΔΥ),https://eody.gov.gr/,https://eody.gov.gr/covid-gr-daily-report-20201007/,2020-10-07
Εθνικός Οργανισμός Δημόσιας Υγείας (ΕΟΔΥ),https://eody.gov.gr/,https://eody.gov.gr/covid-gr-daily-report-20201008/,2020-10-08
Εθνικός Οργανισμός Δημόσιας Υγείας (ΕΟΔΥ),https://eody.gov.gr/,https://eody.gov.gr/covid-gr-daily-report-20201009/,2020-10-09
Εθνικός Οργανισμός Δημόσιας Υγείας (ΕΟΔΥ),https://eody.gov.gr/,https://eody.gov.gr/covid-gr-daily-report-20201010/,2020-10-10
Εθνικός Οργανισμός Δημόσιας Υγείας (ΕΟΔΥ),https://eody.gov.gr/,https://eody.gov.gr/covid-gr-daily-report-20201011/,2020-10-11
Εθνικός Οργανισμός Δημόσιας Υγείας (ΕΟΔΥ),https://eody.gov.gr/,https://eody.gov.gr/covid-gr-daily-report-20201012/,2020-10-12
Εθνικός Οργανισμός Δημόσιας Υγείας (ΕΟΔΥ),https://eody.gov.gr/,https://eody.gov.gr/covid-gr-daily-report-20201013/,2020-10-13
Εθνικός Οργανισμός Δημόσιας Υγείας (ΕΟΔΥ),https://eody.gov.gr/,https://eody.gov.gr/covid-gr-daily-report-20201014/,2020-10-14
Εθνικός Οργανισμός Δημόσιας Υγείας (ΕΟΔΥ),https://eody.gov.gr/,https://eody.gov.gr/covid-gr-daily-report-20201015/,2020-10-15
Εθνικός Οργανισμός Δημόσιας Υγείας (ΕΟΔΥ),https://eody.gov.gr/,https://eody.gov.gr/covid-gr-daily-report-20201016/,2020-10-16
Εθνικός Οργανισμός Δημόσιας Υγείας (ΕΟΔΥ),https://eody.gov.gr/,https://eody.gov.gr/covid-gr-daily-report-20201017/,2020-10-17
Εθνικός Οργανισμός Δημόσιας Υγείας (ΕΟΔΥ),https://eody.gov.gr/,https://eody.gov.gr/covid-gr-daily-report-20201018/,2020-10-18
Εθνικός Οργανισμός Δημόσιας Υγείας (ΕΟΔΥ),https://eody.gov.gr/,https://eody.gov.gr/covid-gr-daily-report-20201019/,2020-10-19
Εθνικός Οργανισμός Δημόσιας Υγείας (ΕΟΔΥ),https://eody.gov.gr/,https://eody.gov.gr/covid-gr-daily-report-20201020/,2020-10-20
Εθνικός Οργανισμός Δημόσιας Υγείας (ΕΟΔΥ),https://eody.gov.gr/,https://eody.gov.gr/covid-gr-daily-report-20201021/,2020-10-21
Εθνικός Οργανισμός Δημόσιας Υγείας (ΕΟΔΥ),https://eody.gov.gr/,https://eody.gov.gr/covid-gr-daily-report-20201022/,2020-10-22
Εθνικός Οργανισμός Δημόσιας Υγείας (ΕΟΔΥ),https://eody.gov.gr/,https://eody.gov.gr/covid-gr-daily-report-20201023/,2020-10-23
Εθνικός Οργανισμός Δημόσιας Υγείας (ΕΟΔΥ),https://eody.gov.gr/,https://eody.gov.gr/covid-gr-daily-report-20201024/,2020-10-24
Εθνικός Οργανισμός Δημόσιας Υγείας (ΕΟΔΥ),https://eody.gov.gr/,https://eody.gov.gr/covid-gr-daily-report-20201025/,2020-10-25
Εθνικός Οργανισμός Δημόσιας Υγείας (ΕΟΔΥ),https://eody.gov.gr/,https://eody.gov.gr/covid-gr-daily-report-20201026/,2020-10-26
Εθνικός Οργανισμός Δημόσιας Υγείας (ΕΟΔΥ),https://eody.gov.gr/,https://eody.gov.gr/covid-gr-daily-report-20201027/,2020-10-27
Εθνικός Οργανισμός Δημόσιας Υγείας (ΕΟΔΥ),https://eody.gov.gr/,https://eody.gov.gr/covid-gr-daily-report-20201028/,2020-10-28
Εθνικός Οργανισμός Δημόσιας Υγείας (ΕΟΔΥ),https://eody.gov.gr/,https://eody.gov.gr/covid-gr-daily-report-20201029/,2020-10-29
Εθνικός Οργανισμός Δημόσιας Υγείας (ΕΟΔΥ),https://eody.gov.gr/,https://eody.gov.gr/covid-gr-daily-report-20201030/,2020-10-30
Εθνικός Οργανισμός Δημόσιας Υγείας (ΕΟΔΥ),https://eody.gov.gr/,https://eody.gov.gr/covid-gr-daily-report-20201031/,2020-10-31
Εθνικός Οργανισμός Δημόσιας Υγείας (ΕΟΔΥ),https://eody.gov.gr/,https://eody.gov.gr/covid-gr-daily-report-20201101/,2020-11-01
Εθνικός Οργανισμός Δημόσιας Υγείας (ΕΟΔΥ),https://eody.gov.gr/,https://eody.gov.gr/covid-gr-daily-report-20201102/,2020-11-02
Εθνικός Οργανισμός Δημόσιας Υγείας (ΕΟΔΥ),https://eody.gov.gr/,https://eody.gov.gr/covid-gr-daily-report-20201103/,2020-11-03
Εθνικός Οργανισμός Δημόσιας Υγείας (ΕΟΔΥ),https://eody.gov.gr/,https://eody.gov.gr/covid-gr-daily-report-20201104/,2020-11-04
Εθνικός Οργανισμός Δημόσιας Υγείας (ΕΟΔΥ),https://eody.gov.gr/,https://eody.gov.gr/covid-gr-daily-report-20201105/,2020-11-05
Εθνικός Οργανισμός Δημόσιας Υγείας (ΕΟΔΥ),https://eody.gov.gr/,https://eody.gov.gr/covid-gr-daily-report-20201106/,2020-11-06
Εθνικός Οργανισμός Δημόσιας Υγείας (ΕΟΔΥ),https://eody.gov.gr/,https://eody.gov.gr/covid-gr-daily-report-20201107/,2020-11-07
Εθνικός Οργανισμός Δημόσιας Υγείας (ΕΟΔΥ),https://eody.gov.gr/,https://eody.gov.gr/covid-gr-daily-report-20201108/,2020-11-08
Εθνικός Οργανισμός Δημόσιας Υγείας (ΕΟΔΥ),https://eody.gov.gr/,https://eody.gov.gr/covid-gr-daily-report-20201109/,2020-11-09
Εθνικός Οργανισμός Δημόσιας Υγείας (ΕΟΔΥ),https://eody.gov.gr/,https://eody.gov.gr/covid-gr-daily-report-20201110/,2020-11-10
Εθνικός Οργανισμός Δημόσιας Υγείας (ΕΟΔΥ),https://eody.gov.gr/,https://eody.gov.gr/covid-gr-daily-report-20201111/,2020-11-11
Εθνικός Οργανισμός Δημόσιας Υγείας (ΕΟΔΥ),https://eody.gov.gr/,https://eody.gov.gr/covid-gr-daily-report-20201112/,2020-11-12
Εθνικός Οργανισμός Δημόσιας Υγείας (ΕΟΔΥ),https://eody.gov.gr/,https://eody.gov.gr/covid-gr-daily-report-20201113/,2020-11-13
Εθνικός Οργανισμός Δημόσιας Υγείας (ΕΟΔΥ),https://eody.gov.gr/,https://eody.gov.gr/covid-gr-daily-report-20201114/,2020-11-14
Εθνικός Οργανισμός Δημόσιας Υγείας (ΕΟΔΥ),https://eody.gov.gr/,https://eody.gov.gr/covid-gr-daily-report-20201115/,2020-11-15
Εθνικός Οργανισμός Δημόσιας Υγείας (ΕΟΔΥ),https://eody.gov.gr/,https://eody.gov.gr/covid-gr-daily-report-20201116/,2020-11-16
Εθνικός Οργανισμός Δημόσιας Υγείας (ΕΟΔΥ),https://eody.gov.gr/,https://eody.gov.gr/covid-gr-daily-report-20201117/,2020-11-17
Εθνικός Οργανισμός Δημόσιας Υγείας (ΕΟΔΥ),https://eody.gov.gr/,https://eody.gov.gr/covid-gr-daily-report-20201118/,2020-11-18
Εθνικός Οργανισμός Δημόσιας Υγείας (ΕΟΔΥ),https://eody.gov.gr/,https://eody.gov.gr/covid-gr-daily-report-20201119/,2020-11-19
Εθνικός Οργανισμός Δημόσιας Υγείας (ΕΟΔΥ),https://eody.gov.gr/,https://eody.gov.gr/covid-gr-daily-report-20201120/,2020-11-20
Εθνικός Οργανισμός Δημόσιας Υγείας (ΕΟΔΥ),https://eody.gov.gr/,https://eody.gov.gr/covid-gr-daily-report-20201121/,2020-11-21
Εθνικός Οργανισμός Δημόσιας Υγείας (ΕΟΔΥ),https://eody.gov.gr/,https://eody.gov.gr/covid-gr-daily-report-20201122/,2020-11-22
Εθνικός Οργανισμός Δημόσιας Υγείας (ΕΟΔΥ),https://eody.gov.gr/,https://eody.gov.gr/covid-gr-daily-report-20201123/,2020-11-23
Εθνικός Οργανισμός Δημόσιας Υγείας (ΕΟΔΥ),https://eody.gov.gr/,https://eody.gov.gr/covid-gr-daily-report-20201124/,2020-11-24
Εθνικός Οργανισμός Δημόσιας Υγείας (ΕΟΔΥ),https://eody.gov.gr/,https://eody.gov.gr/covid-gr-daily-report-20201125/,2020-11-25
Εθνικός Οργανισμός Δημόσιας Υγείας (ΕΟΔΥ),https://eody.gov.gr/,https://eody.gov.gr/covid-gr-daily-report-20201126/,2020-11-26
Εθνικός Οργανισμός Δημόσιας Υγείας (ΕΟΔΥ),https://eody.gov.gr/,https://eody.gov.gr/covid-gr-daily-report-20201127/,2020-11-27
Εθνικός Οργανισμός Δημόσιας Υγείας (ΕΟΔΥ),https://eody.gov.gr/,https://eody.gov.gr/covid-gr-daily-report-20201128/,2020-11-28
Εθνικός Οργανισμός Δημόσιας Υγείας (ΕΟΔΥ),https://eody.gov.gr/,https://eody.gov.gr/covid-gr-daily-report-20201129/,2020-11-29
Εθνικός Οργανισμός Δημόσιας Υγείας (ΕΟΔΥ),https://eody.gov.gr/,https://eody.gov.gr/covid-gr-daily-report-20201130/,2020-11-30
Εθνικός Οργανισμός Δημόσιας Υγείας (ΕΟΔΥ),https://eody.gov.gr/,https://eody.gov.gr/covid-gr-daily-report-20201201/,2020-12-01
Εθνικός Οργανισμός Δημόσιας Υγείας (ΕΟΔΥ),https://eody.gov.gr/,https://eody.gov.gr/covid-gr-daily-report-20201202/,2020-12-02
Εθνικός Οργανισμός Δημόσιας Υγείας (ΕΟΔΥ),https://eody.gov.gr/,https://eody.gov.gr/covid-gr-daily-report-20201203/,2020-12-03
Εθνικός Οργανισμός Δημόσιας Υγείας (ΕΟΔΥ),https://eody.gov.gr/,https://eody.gov.gr/covid-gr-daily-report-20201204/,2020-12-04
Εθνικός Οργανισμός Δημόσιας Υγείας (ΕΟΔΥ),https://eody.gov.gr/,https://eody.gov.gr/covid-gr-daily-report-20201205/,2020-12-05
Εθνικός Οργανισμός Δημόσιας Υγείας (ΕΟΔΥ),https://eody.gov.gr/,https://eody.gov.gr/covid-gr-daily-report-20201206/,2020-12-06
Εθνικός Οργανισμός Δημόσιας Υγείας (ΕΟΔΥ),https://eody.gov.gr/,https://eody.gov.gr/covid-gr-daily-report-20201207/,2020-12-07
Εθνικός Οργανισμός Δημόσιας Υγείας (ΕΟΔΥ),https://eody.gov.gr/,https://eody.gov.gr/covid-gr-daily-report-20201208/,2020-12-08
Εθνικός Οργανισμός Δημόσιας Υγείας (ΕΟΔΥ),https://eody.gov.gr/,https://eody.gov.gr/covid-gr-daily-report-20201209/,2020-12-09
Εθνικός Οργανισμός Δημόσιας Υγείας (ΕΟΔΥ),https://eody.gov.gr/,https://eody.gov.gr/covid-gr-daily-report-20201210/,2020-12-10
Εθνικός Οργανισμός Δημόσιας Υγείας (ΕΟΔΥ),https://eody.gov.gr/,https://eody.gov.gr/covid-gr-daily-report-20201211/,2020-12-11
Εθνικός Οργανισμός Δημόσιας Υγείας (ΕΟΔΥ),https://eody.gov.gr/,https://eody.gov.gr/covid-gr-daily-report-20201212/,2020-12-12
Εθνικός Οργανισμός Δημόσιας Υγείας (ΕΟΔΥ),https://eody.gov.gr/,https://eody.gov.gr/covid-gr-daily-report-20201213/,2020-12-13
Εθνικός Οργανισμός Δημόσιας Υγείας (ΕΟΔΥ),https://eody.gov.gr/,https://eody.gov.gr/covid-gr-daily-report-20201214/,2020-12-14
Εθνικός Οργανισμός Δημόσιας Υγείας (ΕΟΔΥ),https://eody.gov.gr/,https://eody.gov.gr/covid-gr-daily-report-20201215/,2020-12-15
Εθνικός Οργανισμός Δημόσιας Υγείας (ΕΟΔΥ),https://eody.gov.gr/,https://eody.gov.gr/covid-gr-daily-report-20201216/,2020-12-16
Εθνικός Οργανισμός Δημόσιας Υγείας (ΕΟΔΥ),https://eody.gov.gr/,https://eody.gov.gr/covid-gr-daily-report-20201217/,2020-12-17
Εθνικός Οργανισμός Δημόσιας Υγείας (ΕΟΔΥ),https://eody.gov.gr/,https://eody.gov.gr/covid-gr-daily-report-20201218/,2020-12-18
Εθνικός Οργανισμός Δημόσιας Υγείας (ΕΟΔΥ),https://eody.gov.gr/,https://eody.gov.gr/covid-gr-daily-report-20201219/,2020-12-19
Εθνικός Οργανισμός Δημόσιας Υγείας (ΕΟΔΥ),https://eody.gov.gr/,https://eody.gov.gr/covid-gr-daily-report-20201220/,2020-12-20
Εθνικός Οργανισμός Δημόσιας Υγείας (ΕΟΔΥ),https://eody.gov.gr/,https://eody.gov.gr/covid-gr-daily-report-20201221/,2020-12-21
Εθνικός Οργανισμός Δημόσιας Υγείας (ΕΟΔΥ),https://eody.gov.gr/,https://eody.gov.gr/covid-gr-daily-report-20201222/,2020-12-22
Εθνικός Οργανισμός Δημόσιας Υγείας (ΕΟΔΥ),https://eody.gov.gr/,https://eody.gov.gr/covid-gr-daily-report-20201223/,2020-12-23
Εθνικός Οργανισμός Δημόσιας Υγείας (ΕΟΔΥ),https://eody.gov.gr/,https://eody.gov.gr/covid-gr-daily-report-20201224/,2020-12-24
Εθνικός Οργανισμός Δημόσιας Υγείας (ΕΟΔΥ),https://eody.gov.gr/,https://eody.gov.gr/covid-gr-daily-report-20201225/,2020-12-25
Εθνικός Οργανισμός Δημόσιας Υγείας (ΕΟΔΥ),https://eody.gov.gr/,https://eody.gov.gr/covid-gr-daily-report-20201226/,2020-12-26
Εθνικός Οργανισμός Δημόσιας Υγείας (ΕΟΔΥ),https://eody.gov.gr/,https://eody.gov.gr/covid-gr-daily-report-20201227/,2020-12-27
Εθνικός Οργανισμός Δημόσιας Υγείας (ΕΟΔΥ),https://eody.gov.gr/,https://eody.gov.gr/covid-gr-daily-report-20201228/,2020-12-28
Εθνικός Οργανισμός Δημόσιας Υγείας (ΕΟΔΥ),https://eody.gov.gr/,https://eody.gov.gr/covid-gr-daily-report-20201229/,2020-12-29
Εθνικός Οργανισμός Δημόσιας Υγείας (ΕΟΔΥ),https://eody.gov.gr/,https://eody.gov.gr/covid-gr-daily-report-20201230/,2020-12-30
Εθνικός Οργανισμός Δημόσιας Υγείας (ΕΟΔΥ),https://eody.gov.gr/,https://eody.gov.gr/covid-gr-daily-report-20201231/,2020-12-31
Εθνικός Οργανισμός Δημόσιας Υγείας (ΕΟΔΥ),https://eody.gov.gr/,https://eody.gov.gr/covid-gr-daily-report-20210101/,2021-01-01
Εθνικός Οργανισμός Δημόσιας Υγείας (ΕΟΔΥ),https://eody.gov.gr/,https://eody.gov.gr/covid-gr-daily-report-20210102/,2021-01-02
Εθνικός Οργανισμός Δημόσιας Υγείας (ΕΟΔΥ),https://eody.gov.gr/,https://eody.gov.gr/covid-gr-daily-report-20210103/,2021-01-03
Εθνικός Οργανισμός Δημόσιας Υγείας (ΕΟΔΥ),https://eody.gov.gr/,https://eody.gov.gr/covid-gr-daily-report-20210104/,2021-01-04
Εθνικός Οργανισμός Δημόσιας Υγείας (ΕΟΔΥ),https://eody.gov.gr/,https://eody.gov.gr/covid-gr-daily-report-20210105/,2021-01-05
Εθνικός Οργανισμός Δημόσιας Υγείας (ΕΟΔΥ),https://eody.gov.gr/,https://eody.gov.gr/covid-gr-daily-report-20210106/,2021-01-06
Εθνικός Οργανισμός Δημόσιας Υγείας (ΕΟΔΥ),https://eody.gov.gr/,https://eody.gov.gr/covid-gr-daily-report-20210107/,2021-01-07
Εθνικός Οργανισμός Δημόσιας Υγείας (ΕΟΔΥ),https://eody.gov.gr/,https://eody.gov.gr/covid-gr-daily-report-20210108/,2021-01-08
Εθνικός Οργανισμός Δημόσιας Υγείας (ΕΟΔΥ),https://eody.gov.gr/,https://eody.gov.gr/covid-gr-daily-report-20210109/,2021-01-09
Εθνικός Οργανισμός Δημόσιας Υγείας (ΕΟΔΥ),https://eody.gov.gr/,https://eody.gov.gr/covid-gr-daily-report-20210110/,2021-01-10
Εθνικός Οργανισμός Δημόσιας Υγείας (ΕΟΔΥ),https://eody.gov.gr/,https://eody.gov.gr/covid-gr-daily-report-20210111/,2021-01-11
Εθνικός Οργανισμός Δημόσιας Υγείας (ΕΟΔΥ),https://eody.gov.gr/,https://eody.gov.gr/covid-gr-daily-report-20210112/,2021-01-12
Εθνικός Οργανισμός Δημόσιας Υγείας (ΕΟΔΥ),https://eody.gov.gr/,https://eody.gov.gr/covid-gr-daily-report-20210113/,2021-01-13
Εθνικός Οργανισμός Δημόσιας Υγείας (ΕΟΔΥ),https://eody.gov.gr/,https://eody.gov.gr/covid-gr-daily-report-20210114/,2021-01-14
Εθνικός Οργανισμός Δημόσιας Υγείας (ΕΟΔΥ),https://eody.gov.gr/,https://eody.gov.gr/covid-gr-daily-report-20210115/,2021-01-15
Εθνικός Οργανισμός Δημόσιας Υγείας (ΕΟΔΥ),https://eody.gov.gr/,https://eody.gov.gr/covid-gr-daily-report-20210116/,2021-01-16
Εθνικός Οργανισμός Δημόσιας Υγείας (ΕΟΔΥ),https://eody.gov.gr/,https://eody.gov.gr/covid-gr-daily-report-20210117/,2021-01-17
Εθνικός Οργανισμός Δημόσιας Υγείας (ΕΟΔΥ),https://eody.gov.gr/,https://eody.gov.gr/covid-gr-daily-report-20210118/,2021-01-18
Εθνικός Οργανισμός Δημόσιας Υγείας (ΕΟΔΥ),https://eody.gov.gr/,https://eody.gov.gr/covid-gr-daily-report-20210119/,2021-01-19
Εθνικός Οργανισμός Δημόσιας Υγείας (ΕΟΔΥ),https://eody.gov.gr/,https://eody.gov.gr/covid-gr-daily-report-20210120/,2021-01-20
Εθνικός Οργανισμός Δημόσιας Υγείας (ΕΟΔΥ),https://eody.gov.gr/,https://eody.gov.gr/covid-gr-daily-report-20210121/,2021-01-21
Εθνικός Οργανισμός Δημόσιας Υγείας (ΕΟΔΥ),https://eody.gov.gr/,https://eody.gov.gr/covid-gr-daily-report-20210122/,2021-01-22
Εθνικός Οργανισμός Δημόσιας Υγείας (ΕΟΔΥ),https://eody.gov.gr/,https://eody.gov.gr/covid-gr-daily-report-20210123/,2021-01-23
Εθνικός Οργανισμός Δημόσιας Υγείας (ΕΟΔΥ),https://eody.gov.gr/,https://eody.gov.gr/covid-gr-daily-report-20210124/,2021-01-24
Εθνικός Οργανισμός Δημόσιας Υγείας (ΕΟΔΥ),https://eody.gov.gr/,https://eody.gov.gr/covid-gr-daily-report-20210125/,2021-01-25
Εθνικός Οργανισμός Δημόσιας Υγείας (ΕΟΔΥ),https://eody.gov.gr/,https://eody.gov.gr/covid-gr-daily-report-20210126/,2021-01-26
Εθνικός Οργανισμός Δημόσιας Υγείας (ΕΟΔΥ),https://eody.gov.gr/,https://eody.gov.gr/covid-gr-daily-report-20210127/,2021-01-27
Εθνικός Οργανισμός Δημόσιας Υγείας (ΕΟΔΥ),https://eody.gov.gr/,https://eody.gov.gr/covid-gr-daily-report-20210128/,2021-01-28
Εθνικός Οργανισμός Δημόσιας Υγείας (ΕΟΔΥ),https://eody.gov.gr/,https://eody.gov.gr/covid-gr-daily-report-20210129/,2021-01-29
Εθνικός Οργανισμός Δημόσιας Υγείας (ΕΟΔΥ),https://eody.gov.gr/,https://eody.gov.gr/covid-gr-daily-report-20210130/,2021-01-30
Εθνικός Οργανισμός Δημόσιας Υγείας (ΕΟΔΥ),https://eody.gov.gr/,https://eody.gov.gr/covid-gr-daily-report-20210131/,2021-01-31
Εθνικός Οργανισμός Δημόσιας Υγείας (ΕΟΔΥ),https://eody.gov.gr/,https://eody.gov.gr/covid-gr-daily-report-20210201/,2021-02-01
Εθνικός Οργανισμός Δημόσιας Υγείας (ΕΟΔΥ),https://eody.gov.gr/,https://eody.gov.gr/covid-gr-daily-report-20210202/,2021-02-02
Εθνικός Οργανισμός Δημόσιας Υγείας (ΕΟΔΥ),https://eody.gov.gr/,https://eody.gov.gr/covid-gr-daily-report-20210203/,2021-02-03
Εθνικός Οργανισμός Δημόσιας Υγείας (ΕΟΔΥ),https://eody.gov.gr/,https://eody.gov.gr/covid-gr-daily-report-20210204/,2021-02-04
Εθνικός Οργανισμός Δημόσιας Υγείας (ΕΟΔΥ),https://eody.gov.gr/,https://eody.gov.gr/covid-gr-daily-report-20210205/,2021-02-05
Εθνικός Οργανισμός Δημόσιας Υγείας (ΕΟΔΥ),https://eody.gov.gr/,https://eody.gov.gr/covid-gr-daily-report-20210206/,2021-02-06
Εθνικός Οργανισμός Δημόσιας Υγείας (ΕΟΔΥ),https://eody.gov.gr/,https://eody.gov.gr/covid-gr-daily-report-20210207/,2021-02-07
Εθνικός Οργανισμός Δημόσιας Υγείας (ΕΟΔΥ),https://eody.gov.gr/,https://eody.gov.gr/covid-gr-daily-report-20210208/,2021-02-08
Εθνικός Οργανισμός Δημόσιας Υγείας (ΕΟΔΥ),https://eody.gov.gr/,https://eody.gov.gr/covid-gr-daily-report-20210209/,2021-02-09
Εθνικός Οργανισμός Δημόσιας Υγείας (ΕΟΔΥ),https://eody.gov.gr/,https://eody.gov.gr/covid-gr-daily-report-20210210/,2021-02-10
Εθνικός Οργανισμός Δημόσιας Υγείας (ΕΟΔΥ),https://eody.gov.gr/,https://eody.gov.gr/covid-gr-daily-report-20210211/,2021-02-11
Εθνικός Οργανισμός Δημόσιας Υγείας (ΕΟΔΥ),https://eody.gov.gr/,https://eody.gov.gr/covid-gr-daily-report-20210212/,2021-02-12
Εθνικός Οργανισμός Δημόσιας Υγείας (ΕΟΔΥ),https://eody.gov.gr/,https://eody.gov.gr/covid-gr-daily-report-20210213/,2021-02-13
Εθνικός Οργανισμός Δημόσιας Υγείας (ΕΟΔΥ),https://eody.gov.gr/,https://eody.gov.gr/covid-gr-daily-report-20210214/,2021-02-14
Εθνικός Οργανισμός Δημόσιας Υγείας (ΕΟΔΥ),https://eody.gov.gr/,https://eody.gov.gr/covid-gr-daily-report-20210215/,2021-02-15
Εθνικός Οργανισμός Δημόσιας Υγείας (ΕΟΔΥ),https://eody.gov.gr/,https://eody.gov.gr/covid-gr-daily-report-20210216/,2021-02-16
Εθνικός Οργανισμός Δημόσιας Υγείας (ΕΟΔΥ),https://eody.gov.gr/,https://eody.gov.gr/covid-gr-daily-report-20210217/,2021-02-17
Εθνικός Οργανισμός Δημόσιας Υγείας (ΕΟΔΥ),https://eody.gov.gr/,https://eody.gov.gr/covid-gr-daily-report-20210218/,2021-02-18
Εθνικός Οργανισμός Δημόσιας Υγείας (ΕΟΔΥ),https://eody.gov.gr/,https://eody.gov.gr/covid-gr-daily-report-20210219/,2021-02-19
Εθνικός Οργανισμός Δημόσιας Υγείας (ΕΟΔΥ),https://eody.gov.gr/,https://eody.gov.gr/covid-gr-daily-report-20210220/,2021-02-20
Εθνικός Οργανισμός Δημόσιας Υγείας (ΕΟΔΥ),https://eody.gov.gr/,https://eody.gov.gr/covid-gr-daily-report-20210221/,2021-02-21
Εθνικός Οργανισμός Δημόσιας Υγείας (ΕΟΔΥ),https://eody.gov.gr/,https://eody.gov.gr/covid-gr-daily-report-20210222/,2021-02-22
Εθνικός Οργανισμός Δημόσιας Υγείας (ΕΟΔΥ),https://eody.gov.gr/,https://eody.gov.gr/covid-gr-daily-report-20210223/,2021-02-23
Εθνικός Οργανισμός Δημόσιας Υγείας (ΕΟΔΥ),https://eody.gov.gr/,https://eody.gov.gr/covid-gr-daily-report-20210224/,2021-02-24
Εθνικός Οργανισμός Δημόσιας Υγείας (ΕΟΔΥ),https://eody.gov.gr/,https://eody.gov.gr/covid-gr-daily-report-20210225/,2021-02-25
Εθνικός Οργανισμός Δημόσιας Υγείας (ΕΟΔΥ),https://eody.gov.gr/,https://eody.gov.gr/covid-gr-daily-report-20210226/,2021-02-26
Εθνικός Οργανισμός Δημόσιας Υγείας (ΕΟΔΥ),https://eody.gov.gr/,https://eody.gov.gr/covid-gr-daily-report-20210227/,2021-02-27
Εθνικός Οργανισμός Δημόσιας Υγείας (ΕΟΔΥ),https://eody.gov.gr/,https://eody.gov.gr/covid-gr-daily-report-20210228/,2021-02-28
Εθνικός Οργανισμός Δημόσιας Υγείας (ΕΟΔΥ),https://eody.gov.gr/,https://eody.gov.gr/covid-gr-daily-report-20210301/,2021-03-01
Εθνικός Οργανισμός Δημόσιας Υγείας (ΕΟΔΥ),https://eody.gov.gr/,https://eody.gov.gr/covid-gr-daily-report-20210302/,2021-03-02
Εθνικός Οργανισμός Δημόσιας Υγείας (ΕΟΔΥ),https://eody.gov.gr/,https://eody.gov.gr/covid-gr-daily-report-20210303/,2021-03-03
Εθνικός Οργανισμός Δημόσιας Υγείας (ΕΟΔΥ),https://eody.gov.gr/,https://eody.gov.gr/covid-gr-daily-report-20210304/,2021-03-04
Εθνικός Οργανισμός Δημόσιας Υγείας (ΕΟΔΥ),https://eody.gov.gr/,https://eody.gov.gr/covid-gr-daily-report-20210305/,2021-03-05
